fixedacidity,volatileacidity,citricacid,residualsugar,chlorides,freesulfurdioxide,totalsulfurdioxide,density,pH,sulphates,alcohol,class
6.7,0.16,0.32,12.5,0.035,18,156,0.99666,2.88,0.36,9,0
8.4,0.35,0.56,13.8,0.048,55,190,0.9993,3.07,0.58,9.4,0
8,0.37,0.32,1.6,0.04,32,166,0.992,3,0.55,11.3,1
7.7,0.25,0.3,7.8,0.038,67,196,0.99555,3.1,0.5,10.1,0
6.8,0.23,0.31,2.8,0.047,40,122,0.99126,3.06,0.64,10.9,1
7.4,0.2,0.33,1.9,0.035,39,138,0.991,3.17,0.44,11.7,1
7.3,0.25,0.28,1.5,0.043,19,113,0.99338,3.38,0.56,10.1,0
6.7,0.31,0.32,14.5,0.038,6,79,0.99412,3.14,0.34,12.5,0
6.6,0.23,0.2,11.4,0.044,45,131,0.99604,2.96,0.51,9.7,0
6.4,0.16,0.44,1.2,0.051,39,122,0.99058,3.11,0.75,11.3,1
7.5,0.24,0.31,13.1,0.05,26,180,0.99884,3.05,0.53,9.1,0
6.2,0.29,0.23,12.4,0.048,33,201,0.99612,3.11,0.56,9.9,0
7.4,0.21,0.27,1.2,0.041,27,99,0.9927,3.19,0.33,9.8,0
6.2,0.2,0.49,1.6,0.065,17,143,0.9937,3.22,0.52,9.2,0
6.5,0.2,0.33,1.5,0.039,36,110,0.99008,3.22,0.65,12,0
5.8,0.58,0,1.5,0.02,33,96,0.98918,3.29,0.38,12.4,0
10,0.91,0.42,1.6,0.056,34,181,0.9968,3.11,0.46,10,0
7.6,0.47,0.49,13,0.239,42,220,0.9988,2.96,0.51,9.2,0
6.4,0.28,0.41,6.8,0.045,61,216,0.9952,3.09,0.46,9.4,0
8.2,0.24,0.49,9.3,0.038,52,163,0.9952,3.02,0.33,10.6,0
7,0.28,0.33,14.6,0.043,47,168,0.9994,3.34,0.67,8.8,0
6.7,0.47,0.29,4.75,0.034,29,134,0.99056,3.29,0.46,13,1
6.1,0.45,0.27,0.8,0.039,13,82,0.9927,3.23,0.32,9.5,0
6,0.27,0.32,3.6,0.035,36,133,0.99215,3.23,0.46,10.8,0
6.6,0.26,0.21,2.9,0.026,48,126,0.99089,3.22,0.38,11.3,1
8,0.24,0.26,1.7,0.033,36,136,0.99316,3.44,0.51,10.4,1
7.4,0.16,0.27,15.5,0.05,25,135,0.9984,2.9,0.43,8.7,1
8.9,0.33,0.32,1.5,0.047,11,200,0.9954,3.19,0.46,9.4,0
8,0.45,0.36,8.8,0.026,50,151,0.9927,3.07,0.25,12.7,1
7.1,0.36,0.4,1.95,0.033,26,118,0.98934,3.2,0.45,13.5,1
6.1,0.21,0.19,1.4,0.046,51,131,0.99184,3.22,0.39,10.5,0
6.4,0.3,0.27,5,0.058,27,151,0.99198,3.22,0.49,12.2,0
7.7,0.35,0.49,8.65,0.033,42,186,0.9931,3.14,0.38,12.4,1
7.4,0.37,0.26,9.6,0.05,33,134,0.99608,3.13,0.46,10.4,0
7.2,0.23,0.39,2.3,0.033,29,102,0.9908,3.26,0.54,12.3,1
6.6,0.16,0.21,6.7,0.055,43,157,0.99384,3.15,0.52,10.8,0
6.8,0.15,0.3,5.3,0.05,40,127,0.9942,3.4,0.39,9.7,0
8.1,0.17,0.21,1.6,0.036,24,119,0.99396,3.18,0.52,10.1,0
6.9,0.15,0.28,4.4,0.029,14,107,0.99347,3.24,0.46,10.4,1
7.4,0.39,0.23,7,0.033,29,126,0.994,3.14,0.42,10.5,0
6.5,0.21,0.37,2.5,0.048,70,138,0.9917,3.33,0.75,11.4,1
6.3,0.25,0.23,14.9,0.039,47,142,0.99705,3.14,0.35,9.7,0
7.8,0.25,0.41,3.7,0.042,37,149,0.9954,3.36,0.45,10,0
6.8,0.23,0.4,1.6,0.047,5,133,0.993,3.23,0.7,11.4,0
7.8,0.3,0.74,1.8,0.033,33,156,0.991,3.29,0.52,12.8,0
7.2,0.19,0.31,6.3,0.034,17,103,0.99305,3.15,0.52,11.4,1
6.4,0.42,0.74,12.8,0.076,48,209,0.9978,3.12,0.58,9,0
6.8,0.18,0.28,1.1,0.027,32,112,0.99089,3.15,0.45,11,1
6.4,0.44,0.44,14.4,0.048,29,228,0.99955,3.26,0.54,8.8,1
6.1,0.28,0.27,8,0.048,41,162,0.99498,3.21,0.51,9.9,0
7.6,0.56,0.12,10.4,0.096,22,177,0.9983,3.32,0.45,9.1,0
7.2,0.34,0.2,5.8,0.062,52,203,0.99461,3.17,0.44,9.8,0
6.9,0.2,0.3,4.7,0.041,40,148,0.9932,3.16,0.35,10.2,0
6.6,0.41,0.27,10.7,0.11,20,103,0.99672,3.08,0.41,9,0
6.1,0.37,0.46,12,0.042,61,210,0.997,3.17,0.59,9.7,0
7.1,0.145,0.33,4.6,0.05,33,131,0.9942,3.28,0.4,9.6,0
5.9,0.655,0,5.6,0.033,8,31,0.9936,3.32,0.51,10.5,0
7,0.2,0.34,5.7,0.035,32,83,0.9928,3.19,0.46,11.5,0
7.1,0.16,0.36,1.2,0.043,21,90,0.9925,3.16,0.42,11,1
7,0.27,0.29,3.9,0.059,28,199,0.9961,3.54,0.59,10.3,0
7.2,0.23,0.38,6.1,0.067,20,90,0.99496,3.17,0.79,9.7,0
7.2,0.3,0.3,8.1,0.05,40,188,0.99652,3.15,0.49,9.1,0
6,0.16,0.27,12,0.03,39,98,0.99402,3.15,0.34,10.8,0
6.6,0.16,0.57,1.1,0.13,58,140,0.9927,3.12,0.39,9.3,1
7.5,0.23,0.68,11,0.047,37,133,0.9978,2.99,0.38,8.8,0
5.7,0.28,0.36,1.8,0.041,38,90,0.99002,3.27,0.98,11.9,1
7.8,0.32,0.33,10.4,0.031,47,194,0.99692,3.07,0.58,9.6,0
7.1,0.18,0.74,15.6,0.044,44,176,0.9996,3.38,0.67,9,0
6.5,0.52,0.17,1.4,0.047,5,26,0.9932,3.26,0.32,10,0
6.2,0.21,0.52,6.5,0.047,28,123,0.99418,3.22,0.49,9.9,0
6.7,0.21,0.48,14.8,0.05,31,195,0.99942,2.95,0.75,8.8,0
8,0.25,0.13,17.2,0.036,49,219,0.9996,2.96,0.46,9.7,0
7.6,0.32,0.25,9.5,0.03,15,136,0.99367,3.1,0.44,12.1,0
7.3,0.28,0.54,12.9,0.049,62,162.5,0.9984,3.06,0.45,9.1,0
7,0.25,0.45,2.3,0.045,40,118,0.99064,3.16,0.48,11.9,1
8.7,0.23,0.32,13.4,0.044,35,169,0.99975,3.12,0.47,8.8,1
5.7,0.18,0.26,2.2,0.023,21,95,0.9893,3.07,0.54,12.3,0
7.8,0.25,0.34,13.7,0.044,66,184,0.99976,3.22,0.75,8.9,0
7.8,0.4,0.49,7.8,0.06,34,162,0.9966,3.26,0.58,11.3,0
8.4,0.27,0.46,8.7,0.048,39,197,0.9974,3.14,0.59,9.6,0
6.5,0.19,0.34,1.6,0.029,39,116,0.98954,3.21,0.68,12.5,0
8.5,0.25,0.31,2.8,0.032,11,61,0.99189,3.06,0.44,11.5,0
6.4,0.46,0.08,4.9,0.046,34,144,0.99445,3.1,0.56,10,0
7.1,0.85,0.49,8.7,0.028,40,184,0.9962,3.22,0.36,10.7,0
5.8,0.33,0.2,16.05,0.047,26,166,0.9976,3.09,0.46,8.9,0
7,0.24,0.26,1.7,0.041,31,110,0.99142,3.2,0.53,11,0
7.3,0.36,0.62,7.1,0.033,48,185,0.99472,3.14,0.62,10.6,0
7.1,0.28,0.35,3.5,0.028,35,91,0.99022,2.96,0.33,12.1,0
6.8,0.45,0.36,5,0.033,28,156,0.991,3.11,0.4,12.4,1
6.8,0.27,0.28,7.8,0.038,26,89,0.9915,3.24,0.34,12.5,0
6.3,0.48,0.48,1.8,0.035,35,96,0.99121,3.49,0.74,12.2,0
6.8,0.27,0.24,4.6,0.098,36,127,0.99412,3.15,0.49,9.6,0
8,0.43,0.4,12.4,0.168,29,190,0.9991,3.07,0.64,9.2,0
5.6,0.34,0.1,1.3,0.031,20,68,0.9906,3.36,0.51,11.2,1
6.7,0.18,0.28,10.2,0.039,29,115,0.99469,3.11,0.45,10.9,1
6.8,0.19,0.58,14.2,0.038,51,164,0.9975,3.12,0.48,9.6,0
6.8,0.27,0.12,1.3,0.04,87,168,0.992,3.18,0.41,10,0
7.2,0.2,0.36,2.5,0.028,22,157,0.9938,3.48,0.49,10.6,0
5.8,0.29,0.15,1.1,0.029,12,83,0.9898,3.3,0.4,11.4,0
7.3,0.32,0.48,13.3,0.06,57,196,0.9982,3.04,0.5,9.2,0
6.7,0.15,0.32,7.9,0.034,17,81,0.99512,3.29,0.31,10,0
8.3,0.14,0.26,1.5,0.049,56,189,0.9946,3.21,0.62,9.5,0
6.8,0.26,0.46,8.3,0.037,49,173,0.99601,3.17,0.47,9.3,0
5.6,0.26,0.5,11.4,0.029,25,93,0.99428,3.23,0.49,10.5,0
7,0.3,0.51,13.6,0.05,40,168,0.9976,3.07,0.52,9.6,1
5.2,0.2,0.27,3.2,0.047,16,93,0.99235,3.44,0.53,10.1,1
6.4,0.3,0.33,5.2,0.05,30,137,0.99304,3.26,0.58,11.1,0
7.2,0.4,0.24,8.5,0.055,45,151,0.99626,3.2,0.52,9.2,0
6.8,0.21,0.55,14.6,0.053,34,159,0.99805,2.93,0.44,9.2,0
7.8,0.17,0.5,1.3,0.045,35,140,0.9904,3.16,0.4,12,0
6.4,0.27,0.29,3.9,0.034,62,140,0.99237,3.1,0.59,11.1,0
6.3,0.27,0.51,7.6,0.049,35,200,0.99548,3.16,0.54,9.4,0
6.7,0.23,0.31,2.1,0.046,30,96,0.9926,3.33,0.64,10.7,1
6.3,0.37,0.28,6.3,0.034,45,152,0.9921,3.29,0.46,11.6,1
6.3,0.36,0.2,2,0.048,48,191,0.9929,3.17,0.51,9.6,0
6.4,0.26,0.26,1.1,0.052,22,176,0.99304,3.09,0.54,9.3,0
5.9,0.22,0.29,4.2,0.037,69,144,0.99214,3.13,0.74,10.8,1
6.7,0.32,0.32,1.7,0.031,31,114,0.98946,3.12,0.35,12.5,0
7,0.48,0.12,4.5,0.05,23,86,0.99398,2.86,0.35,9,0
6.2,0.2,0.32,2.8,0.05,17,126,0.9936,3.18,0.55,9.4,0
6.9,0.18,0.38,6.5,0.039,20,110,0.9943,3.1,0.42,10.5,0
6.7,0.13,0.32,3.7,0.017,32,99,0.99348,3.12,0.44,10,0
7.2,0.29,0.4,7.6,0.024,56,177,0.9928,3.04,0.32,11.5,0
7.8,0.21,0.27,1.2,0.051,20,89,0.9936,3.06,0.46,9.1,0
6.3,0.2,0.4,1.5,0.037,35,107,0.9917,3.46,0.5,11.4,0
6.7,0.18,0.28,10.2,0.039,29,115,0.99469,3.11,0.45,10.9,1
7.7,0.39,0.3,5.2,0.037,29,131,0.9943,3.38,0.44,11,0
6.3,0.27,0.49,1.2,0.063,35,92,0.9911,3.38,0.42,12.2,0
7.7,0.29,0.29,4.8,0.06,27,156,0.99572,3.49,0.59,10.3,0
7.4,0.31,0.74,10.7,0.039,51,147,0.9977,3.02,0.43,8.7,0
7.8,0.21,0.49,1.35,0.052,6,48,0.9911,3.15,0.28,11.4,0
7.3,0.25,0.36,2.1,0.034,30,177,0.99085,3.25,0.4,11.9,1
6.8,0.24,0.31,18.3,0.046,40,142,1,3.3,0.41,8.7,0
6.8,0.23,0.48,1.5,0.036,35,165,0.99162,3.18,0.45,11.3,0
6.8,0.17,0.36,1.4,0.036,38,108,0.99006,3.19,0.66,12,0
7.8,0.3,0.37,1.3,0.051,16,96,0.9941,3.32,0.62,10,0
6.4,0.32,0.26,7.9,0.05,53,180,0.99514,3.14,0.5,9.6,0
6.5,0.28,0.27,5.2,0.04,44,179,0.9948,3.19,0.69,9.4,0
8.4,0.35,0.56,13.8,0.048,55,190,0.9993,3.07,0.58,9.4,0
6.4,0.16,0.37,1.5,0.037,27,109,0.99345,3.38,0.5,9.8,0
7.3,0.17,0.36,8.2,0.028,44,111,0.99272,3.14,0.41,12.4,0
7.5,0.23,0.32,9.2,0.038,54,191,0.9966,3.04,0.56,9.7,0
9.4,0.28,0.3,1.6,0.045,36,139,0.99534,3.11,0.49,9.3,0
6.6,0.25,0.32,5.6,0.039,15,68,0.99163,2.96,0.52,11.1,0
5.7,0.695,0.06,6.8,0.042,9,84,0.99432,3.44,0.44,10.2,0
7.4,0.16,0.33,1.2,0.042,47,121,0.99198,3.04,0.68,10.5,1
6.7,0.35,0.32,9,0.032,29,113,0.99188,3.13,0.65,12.9,1
7.1,0.2,0.27,9.6,0.037,19,105,0.99444,3.04,0.37,10.5,1
4.7,0.335,0.14,1.3,0.036,69,168,0.99212,3.47,0.46,10.5,0
6,0.29,0.25,1.4,0.033,30,114,0.98794,3.08,0.43,13.2,0
8.5,0.19,0.49,3.5,0.044,29,117,0.9938,3.14,0.51,10.1,0
6.7,0.42,0.46,9.7,0.054,67,234,0.99848,3.23,0.5,9,0
7.1,0.39,0.3,9.9,0.037,29,124,0.99414,3.07,0.42,10.9,0
6.2,0.34,0.29,7.6,0.047,45,232,0.9955,3.35,0.62,10,0
7.9,0.28,0.41,4.9,0.058,31,153,0.9966,3.27,0.51,9.7,0
7.4,0.31,0.48,14.2,0.042,62,204,0.9983,3.06,0.59,9.4,0
6.5,0.425,0.4,13.1,0.038,59,241,0.9979,3.23,0.57,9,0
6.6,0.425,0.25,2.35,0.034,23,87,0.99082,3.05,0.41,11.4,0
6.9,0.17,0.25,1.6,0.047,34,132,0.9914,3.16,0.48,11.4,0
6.3,0.26,0.25,7.8,0.058,44,166,0.9961,3.24,0.41,9,0
7.4,0.24,0.42,14,0.066,48,198,0.9979,2.89,0.42,8.9,0
7.3,0.26,0.53,12.7,0.047,60.5,164.5,0.9984,3.06,0.45,9.1,0
7.6,0.35,0.46,14.7,0.047,33,151,0.99709,3.03,0.53,10.3,0
6.8,0.18,0.3,12.8,0.062,19,171,0.99808,3,0.52,9,1
5.9,0.27,0.32,2,0.034,31,102,0.98952,3.16,0.56,12.3,0
6.1,0.25,0.49,7.6,0.052,67,226,0.9956,3.16,0.47,8.9,0
5.5,0.35,0.35,1.1,0.045,14,167,0.992,3.34,0.68,9.9,0
7.8,0.29,0.36,7,0.042,38,161,0.9941,3.26,0.37,11.2,1
8.7,0.24,0.35,0.6,0.042,11,71,0.9926,3.08,0.38,10.6,0
5.7,0.15,0.28,3.7,0.045,57,151,0.9913,3.22,0.27,11.2,0
6.8,0.18,0.46,1.4,0.064,37,160,0.9924,3.37,0.45,11.1,0
6.2,0.15,0.46,1.6,0.039,38,123,0.993,3.38,0.51,9.7,0
7,0.29,0.49,3.8,0.047,37,136,0.9938,2.95,0.4,9.4,0
7.1,0.39,0.35,12.5,0.044,26,72,0.9941,3.17,0.29,11.6,0
6.6,0.37,0.24,2,0.064,23,120,0.9946,3.32,0.54,9.4,0
5.9,0.48,0.3,1.5,0.037,19,78,0.99057,3.47,0.42,11.9,1
6.4,0.41,0.24,14,0.048,24,113,0.9982,3.44,0.53,9.8,0
7,0.46,0.39,6.2,0.039,46,163,0.9928,3.21,0.35,12.2,1
6.6,0.3,0.25,8,0.036,21,124,0.99362,3.06,0.38,10.8,0
6.8,0.18,0.24,9.8,0.058,64,188,0.9952,3.13,0.51,10.6,0
6.7,0.22,0.39,1.2,0.049,26,152,0.99346,3.5,0.47,10,0
5.7,0.33,0.15,1.9,0.05,20,93,0.9934,3.38,0.62,9.9,0
6.8,0.32,0.39,9.6,0.026,34,124,0.99286,3.18,0.35,12.1,0
6.7,0.26,0.39,1.1,0.04,45,147,0.9935,3.32,0.58,9.6,1
5.8,0.31,0.31,7.5,0.052,55,230,0.9949,3.19,0.46,9.8,0
8.4,0.17,0.31,6.7,0.038,29,132,0.9945,3.1,0.32,10.6,1
6,0.26,0.32,3.5,0.028,29,113,0.9912,3.4,0.71,12.3,1
8,0.16,0.36,1.5,0.033,14,122,0.9941,3.2,0.39,10.3,0
6.8,0.31,0.19,3.5,0.086,30,130,0.993,2.83,0.44,9.6,0
5.4,0.185,0.19,7.1,0.048,36,110,0.99438,3.26,0.41,9.5,0
6.6,0.22,0.37,15.4,0.035,62,153,0.99845,3.02,0.4,9.3,0
6.5,0.4,0.31,3.5,0.046,22,147,0.99024,3.15,0.31,12,1
5.7,0.45,0.42,1.1,0.051,61,197,0.9932,3.02,0.4,9,0
5.8,0.32,0.28,4.3,0.032,46,115,0.98946,3.16,0.57,13,1
6.5,0.35,0.28,12.4,0.051,86,213,0.9962,3.16,0.51,9.9,0
7.4,0.27,0.26,11.8,0.053,55,173,0.99699,3.11,0.6,9.8,0
7.5,0.24,0.31,13.1,0.05,26,180,0.99884,3.05,0.53,9.1,0
7,0.16,0.32,8.3,0.045,38,126,0.9958,3.21,0.34,9.2,0
6.2,0.22,0.28,2.2,0.04,24,125,0.9917,3.19,0.48,10.5,0
6.6,0.22,0.37,1.2,0.059,45,199,0.993,3.37,0.55,10.3,1
7.6,0.34,0.39,7.6,0.04,45,215,0.9965,3.11,0.53,9.2,0
6.3,0.17,0.23,5.7,0.048,44,147,0.99382,3.08,0.54,10,0
6.9,0.24,0.37,6.1,0.027,38,112,0.99086,3.19,0.34,12.4,0
6.4,0.38,0.19,4.5,0.038,36,119,0.99151,3.07,0.42,11.2,0
5.6,0.33,0.28,1.2,0.031,33,97,0.99126,3.49,0.58,10.9,0
7.9,0.22,0.45,14.2,0.038,53,141,0.9992,3.03,0.46,9.2,0
7,0.25,0.32,9,0.046,56,245,0.9955,3.25,0.5,10.4,0
7.4,0.41,0.34,4.7,0.042,19,127,0.9953,3.25,0.42,10.4,0
7.5,0.26,0.26,18.35,0.084,33,139,1.0011,3.17,0.39,8.8,0
6.5,0.21,0.4,7.3,0.041,49,115,0.99268,3.21,0.43,11,0
7.1,0.31,0.38,1.2,0.036,10,124,0.9924,3.14,0.44,9.9,0
7.7,0.27,0.34,1.8,0.028,26,168,0.9911,2.99,0.48,12.1,1
6.2,0.24,0.28,12.2,0.049,54,133,0.9952,3.19,0.37,10.7,0
7.3,0.3,0.22,6.4,0.056,44,168,0.9947,3.13,0.35,10.1,0
6,0.33,0.2,1.8,0.031,49,159,0.9919,3.41,0.53,11,0
9.1,0.59,0.38,1.6,0.066,34,182,0.9968,3.23,0.38,8.5,0
6.4,0.33,0.44,8.9,0.055,52,164,0.99488,3.1,0.48,9.6,0
6.1,0.38,0.47,1.4,0.051,59,210,0.99309,3.24,0.5,9.6,0
6.5,0.22,0.27,1.6,0.039,36,116,0.99178,3.38,0.57,11,1
6.4,0.22,0.38,9.1,0.044,35,127,0.99326,2.97,0.3,11,1
6.9,0.19,0.33,1.6,0.043,63,149,0.9925,3.44,0.52,10.8,0
6,0.19,0.71,1.5,0.152,9,55,0.9927,3.12,0.46,9.8,0
7,0.35,0.17,1.1,0.049,7,119,0.99297,3.13,0.36,9.7,0
6.4,0.26,0.42,9.7,0.044,30,140,0.9962,3.18,0.47,9.1,0
7.6,0.27,0.42,2.6,0.044,29,110,0.9912,3.31,0.51,12.7,0
6,0.19,0.37,9.7,0.032,17,50,0.9932,3.08,0.66,12,0
7.8,0.28,0.31,2.1,0.046,28,208,0.99434,3.23,0.64,9.8,0
6.7,0.16,0.32,12.5,0.035,18,156,0.99666,2.88,0.36,9,0
6.5,0.51,0.25,1.7,0.048,39,177,0.99212,3.28,0.57,10.56666667,0
6.8,0.36,0.32,1.6,0.039,10,124,0.9948,3.3,0.67,9.6,0
7.9,0.29,0.36,11.1,0.033,43,208,0.9969,3.14,0.46,10.3,0
6.9,0.28,0.37,9.1,0.037,16,76,0.9948,3.05,0.54,11.1,0
6.6,0.26,0.46,6.9,0.047,59,183,0.99594,3.2,0.45,9.3,0
6.4,0.2,0.15,6.6,0.046,26,113,0.99408,2.99,0.58,9.9,0
6.7,0.33,0.34,6.6,0.067,35,156,0.99542,3.11,0.48,9.3,0
6,0.21,0.34,2,0.042,63,123,0.99052,3.44,0.42,11.4,0
6.3,0.3,0.91,8.2,0.034,50,199,0.99394,3.39,0.49,11.7,0
7.3,0.2,0.29,19.5,0.039,69,237,1.00037,3.1,0.48,9.2,0
6.9,0.32,0.3,1.8,0.036,28,117,0.99269,3.24,0.48,11,0
6.3,0.2,0.58,1.4,0.204,15,97,0.9931,3.16,0.43,10,0
7.5,0.21,0.34,1.2,0.06,26,111,0.9931,3.51,0.47,10.7,0
5.6,0.2,0.36,2.5,0.048,16,125,0.99282,3.49,0.49,10,0
7.3,0.19,0.68,1.5,0.05,31,156,0.9946,3.32,0.64,9.4,0
7.8,0.19,0.32,7.4,0.015,47,124,0.99278,2.99,0.39,11,0
7,0.16,0.25,14.3,0.044,27,149,0.998,2.91,0.46,9.2,0
7,0.32,0.34,1.3,0.042,20,69,0.9912,3.31,0.65,12,1
5.8,0.32,0.38,4.75,0.033,23,94,0.991,3.42,0.42,11.8,1
6.1,0.28,0.27,4.7,0.03,56,140,0.99042,3.16,0.42,12.5,1
6.8,0.18,0.28,8.7,0.047,52,242,0.9952,3.22,0.53,10.5,0
7,0.24,0.18,1.3,0.046,9,62,0.994,3.38,0.47,10.1,0
7.8,0.26,0.49,3.2,0.027,28,87,0.9919,3.03,0.32,11.3,1
6.8,0.35,0.32,2.4,0.048,35,103,0.9911,3.28,0.46,12,1
6.8,0.22,0.31,1.4,0.053,34,114,0.9929,3.39,0.77,10.6,0
6,0.29,0.21,15.55,0.043,20,142,0.99658,3.11,0.54,10.1,0
6,0.19,0.29,1.2,0.046,29,92,0.99033,3.22,0.53,11.3,0
5.7,0.21,0.32,0.9,0.038,38,121,0.99074,3.24,0.46,10.6,0
6.9,0.45,0.27,4.7,0.035,17,80,0.99058,3.12,0.36,12.5,1
5,0.33,0.16,1.5,0.049,10,97,0.9917,3.48,0.44,10.7,0
6.6,0.21,0.39,2.3,0.041,31,102,0.99221,3.22,0.58,10.9,1
7.4,0.18,0.34,2.7,0.03,30,107,0.992,2.97,0.53,11,0
6.9,0.19,0.35,1.7,0.036,33,101,0.99315,3.21,0.54,10.8,1
6.8,0.3,0.29,6.2,0.025,29,95,0.99071,3.03,0.32,12.9,1
6,0.28,0.27,15.5,0.036,31,134,0.99408,3.19,0.44,13,1
6,0.31,0.27,2.3,0.042,19,120,0.98952,3.32,0.41,12.7,1
5.9,0.28,0.39,1.4,0.031,47,147,0.98836,3.08,0.64,12.9,1
6.6,0.23,0.26,1.3,0.045,16,128,0.9934,3.36,0.6,10,0
6.3,0.24,0.22,11.9,0.05,65,179,0.99659,3.06,0.58,9.3,0
6.5,0.39,0.23,5.4,0.051,25,149,0.9934,3.24,0.35,10,0
7.3,0.25,0.41,1.8,0.037,52,165,0.9911,3.29,0.39,12.2,1
5.4,0.205,0.16,12.55,0.051,31,115,0.99564,3.4,0.38,10.8,0
6,0.27,0.28,4.8,0.063,31,201,0.9964,3.69,0.71,10,0
8,0.23,0.46,1.5,0.03,30,125,0.9907,3.23,0.47,12.5,0
7.2,0.31,0.46,5,0.04,3,29,0.9906,3.04,0.53,12.5,0
6,0.26,0.15,1.3,0.06,51,154,0.99354,3.14,0.51,8.7,0
6.6,0.32,0.47,15.6,0.063,27,173,0.99872,3.18,0.56,9,0
5.8,0.3,0.27,1.7,0.014,45,104,0.98914,3.4,0.56,12.6,1
8.8,0.34,0.33,9.7,0.036,46,172,0.9966,3.08,0.4,10.2,0
7.1,0.18,0.39,15.25,0.047,45,158,0.99946,3.34,0.77,9.1,0
6.3,0.37,0.28,6.3,0.034,45,152,0.9921,3.29,0.46,11.6,1
6.9,0.46,0.2,0.9,0.054,5,126,0.992,3.1,0.42,10.4,0
6.9,0.32,0.15,8.1,0.046,51,180,0.9958,3.13,0.45,8.9,0
7.1,0.31,0.47,13.6,0.056,54,197,0.9978,3.1,0.49,9.3,0
6.7,0.64,0.3,1.2,0.03,18,76,0.9892,3.16,0.6,12.9,0
6.8,0.23,0.39,16.1,0.053,71,194,0.9988,3.18,0.64,10.2,0
7.2,0.18,0.45,4.4,0.046,57,166,0.9943,3.13,0.62,11.2,0
5.8,0.27,0.4,1.2,0.076,47,130,0.99185,3.13,0.45,10.3,0
6.4,0.24,0.25,20.2,0.083,35,157,0.99976,3.17,0.5,9.1,0
5.7,0.385,0.04,12.6,0.034,22,115,0.9964,3.28,0.63,9.9,0
7,0.22,0.31,2.7,0.03,41,136,0.9898,3.16,0.37,12.7,1
7.6,0.22,0.28,12,0.056,68,143,0.9983,2.99,0.3,9.2,0
6.3,0.17,0.32,4.2,0.04,37,117,0.99182,3.24,0.43,11.3,0
6.7,0.46,0.18,2.4,0.034,25,98,0.9896,3.08,0.44,12.6,1
6.8,0.26,0.24,1.9,0.043,70,154,0.99273,3.18,0.52,10.5,0
5.9,0.37,0.3,1.5,0.033,35,95,0.98986,3.36,0.56,12,1
6.5,0.33,0.3,3.8,0.036,34,88,0.99028,3.25,0.63,12.5,1
9.7,0.24,0.49,4.9,0.032,3,18,0.99368,2.85,0.54,10,0
6.7,0.43,0.23,5,0.157,49,145,0.99471,3.17,0.49,9.4,0
7,0.18,0.37,1.5,0.043,16,104,0.99216,3.18,0.5,10.8,0
5.6,0.22,0.32,1.2,0.024,29,97,0.98823,3.2,0.46,13.05,1
6.4,0.31,0.26,13.2,0.046,57,205,0.9975,3.17,0.41,9.6,0
6.1,0.36,0.58,15,0.044,42,115,0.9978,3.15,0.51,9,0
6.9,0.32,0.17,7.6,0.042,69,219,0.9959,3.13,0.4,8.9,0
8.3,0.33,0.42,1.15,0.033,18,96,0.9911,3.2,0.32,12.4,0
6.8,0.26,0.34,15.1,0.06,42,162,0.99705,3.24,0.52,10.5,0
7.4,0.25,0.36,2.05,0.05,31,100,0.992,3.19,0.44,10.8,0
6.1,0.27,0.31,3.9,0.034,42,137,0.99218,3.24,0.46,10.9,0
6.9,0.29,0.16,6.8,0.034,65,212,0.9955,3.08,0.39,9,0
6,0.29,0.25,1.4,0.033,30,114,0.98794,3.08,0.43,13.2,0
6.6,0.18,0.26,17.3,0.051,17,149,0.9984,3,0.43,9.4,0
5.8,0.32,0.31,2.7,0.049,25,153,0.99067,3.44,0.73,12.2,1
6.1,0.22,0.49,1.5,0.051,18,87,0.9928,3.3,0.46,9.6,0
7.4,0.24,0.36,2,0.031,27,139,0.99055,3.28,0.48,12.5,1
7,0.31,0.31,9.1,0.036,45,140,0.99216,2.98,0.31,12,1
6.8,0.28,0.39,1.4,0.036,15,115,0.9918,3.27,0.72,11.7,0
6.4,0.24,0.26,8.2,0.054,47,182,0.99538,3.12,0.5,9.5,0
6.2,0.23,0.38,1.6,0.044,12,113,0.99176,3.3,0.73,11.4,0
5,0.24,0.21,2.2,0.039,31,100,0.99098,3.69,0.62,11.7,0
5.6,0.24,0.34,2,0.041,14,73,0.98981,3.04,0.45,11.6,1
7,0.2,0.4,1.1,0.058,30,93,0.99322,3.03,0.38,9.2,0
7.4,0.19,0.3,12.8,0.053,48.5,229,0.9986,3.14,0.49,9.1,1
9.6,0.655,0.21,2,0.039,21,120,0.99188,3,1,12.6,0
6,0.18,0.27,1.5,0.089,40,143,0.9923,3.49,0.62,10.8,0
6.3,0.25,0.27,6.6,0.054,40,158,0.99378,3.2,0.48,10.3,0
6.7,0.42,0.39,12.1,0.04,61,248,0.99794,3.31,0.58,9.7,0
7.1,0.34,0.31,5.2,0.032,36,140,0.99166,3.35,0.47,12.3,1
7.5,0.42,0.45,9.1,0.029,20,125,0.996,3.12,0.36,10.1,0
8.7,0.23,0.32,13.4,0.044,35,169,0.99975,3.12,0.47,8.8,1
5.6,0.23,0.29,3.1,0.023,19,89,0.99068,3.25,0.51,11.2,0
6.5,0.18,0.29,1.7,0.035,39,144,0.9927,3.49,0.5,10.5,0
6.5,0.22,0.5,16.4,0.048,36,182,0.99904,3.02,0.49,8.8,0
8.3,0.26,0.31,2,0.029,14,141,0.99077,2.95,0.77,12.2,0
6.5,0.22,0.45,8,0.053,52,196,0.9959,3.23,0.48,9.1,0
8.3,0.27,0.45,1.3,0.048,8,72,0.9944,3.08,0.61,10.3,0
6.2,0.44,0.18,7.7,0.096,28,210,0.99771,3.56,0.72,9.2,0
6.1,0.17,0.28,4.5,0.033,46,150,0.9933,3.43,0.49,10.9,0
5.7,0.41,0.21,1.9,0.048,30,112,0.99138,3.29,0.55,11.2,0
6,0.36,0.39,3.2,0.027,20,125,0.991,3.38,0.39,11.3,1
5.6,0.34,0.25,2.5,0.046,47,182,0.99093,3.21,0.4,11.3,0
6.2,0.26,0.32,15.3,0.031,64,185,0.99835,3.31,0.61,9.4,0
6.8,0.21,0.62,6.4,0.041,7,113,0.99358,2.96,0.59,10.2,0
5.7,0.22,0.2,16,0.044,41,113,0.99862,3.22,0.46,8.9,0
5.5,0.24,0.32,8.7,0.06,19,102,0.994,3.27,0.31,10.4,0
6.7,0.3,0.29,2.8,0.025,37,107,0.99159,3.31,0.63,11.3,1
7.6,0.31,0.26,1.7,0.073,40,157,0.9938,3.1,0.46,9.8,0
6.5,0.3,0.27,4,0.038,37,97,0.99026,3.2,0.6,12.6,1
7.2,0.24,0.29,2.2,0.037,37,102,0.992,3.27,0.64,11,1
6.7,0.26,0.29,7.7,0.038,40,179,0.99479,3.23,0.56,10.4,0
9,0.38,0.53,2.1,0.102,19,76,0.99001,2.93,0.57,12.9,0
6.5,0.18,0.41,14.2,0.039,47,129,0.99678,3.28,0.72,10.3,1
7.6,0.33,0.36,2.1,0.034,26,172,0.9944,3.42,0.48,10.5,0
6.2,0.39,0.24,4.8,0.037,45,138,0.99174,3.23,0.43,11.2,1
7.2,0.19,0.39,1.2,0.036,32,85,0.9918,3.16,0.5,10.5,0
5.9,0.24,0.3,2,0.033,28,92,0.99225,3.39,0.69,10.9,1
6.9,0.17,0.3,2,0.047,13,117,0.99152,3.16,0.51,11.6,0
7.6,0.26,0.47,1.6,0.068,5,55,0.9944,3.1,0.45,9.6,0
7.4,0.2,0.29,1.7,0.047,16,100,0.99243,3.28,0.45,10.6,0
6.8,0.29,0.16,1.4,0.038,122.5,234.5,0.9922,3.15,0.47,10,0
5.8,0.33,0.2,16.05,0.047,26,166,0.9976,3.09,0.46,8.9,0
7.4,0.25,0.36,13.2,0.067,53,178,0.9976,3.01,0.48,9,0
8.4,0.27,0.3,2.2,0.037,36,129,0.99085,2.89,0.3,11.46666667,0
4.8,0.26,0.23,10.6,0.034,23,111,0.99274,3.46,0.28,11.5,1
6.9,0.36,0.35,8.6,0.038,37,125,0.9916,3,0.32,12.4,1
6.4,0.21,0.44,7.4,0.045,47,182,0.9957,3.24,0.46,9.1,0
4.9,0.33,0.31,1.2,0.016,39,150,0.98713,3.33,0.59,14,1
6.2,0.32,0.16,7,0.045,30,136,0.9949,3.18,0.47,9.6,0
6.6,0.25,0.31,12.4,0.059,52,181,0.9984,3.51,0.47,9.8,0
7.4,0.19,0.3,12.8,0.053,48.5,229,0.9986,3.14,0.49,9.1,1
8,0.25,0.49,9,0.044,31,185,0.998,3.34,0.49,10,0
6.4,0.26,0.21,8.2,0.05,51,182,0.99542,3.23,0.48,9.5,0
6.3,0.3,0.34,1.6,0.049,14,132,0.994,3.3,0.49,9.5,0
6.5,0.27,0.19,6.6,0.045,98,175,0.99364,3.16,0.34,10.1,0
6.2,0.32,0.12,4.8,0.054,6,97,0.99424,3.16,0.5,9.3,0
6,0.13,0.36,1.6,0.052,23,72,0.98974,3.1,0.5,11.5,1
7.9,0.37,0.3,2.7,0.029,64,158,0.9916,3.12,0.59,12,1
5.6,0.185,0.49,1.1,0.03,28,117,0.9918,3.55,0.45,10.3,0
7,0.32,0.29,4.9,0.036,41,150,0.99168,3.38,0.43,12.2,0
7,0.21,0.34,8.5,0.033,31,253,0.9953,3.22,0.56,10.5,0
9.8,0.16,0.46,1.8,0.046,23,130,0.99587,3.04,0.67,9.6,0
5.9,0.44,0.33,1.2,0.049,12,117,0.99134,3.46,0.44,11.5,0
6.2,0.25,0.44,15.8,0.057,39,167,0.99804,3.14,0.51,9.2,0
7.3,0.28,0.54,12.9,0.049,62,152,0.9984,3.06,0.45,9.1,0
9,0.17,0.49,1,0.039,46,131,0.993,3.09,0.51,10.5,1
6.6,0.295,0.24,1.6,0.039,29,140,0.99304,3.35,0.61,10.4,1
6.2,0.35,0.2,18.1,0.069,33,158,0.99908,3.15,0.5,8.8,0
6.7,0.27,0.25,8,0.053,54,202,0.9961,3.22,0.43,9.3,0
7.6,0.25,0.34,1.3,0.056,34,176,0.99434,3.1,0.51,9.5,0
6.4,0.37,0.12,5.9,0.056,6,91,0.99536,3.06,0.46,8.4,0
7.4,0.34,0.3,14.9,0.037,70,169,0.99698,3.25,0.37,10.4,0
7.3,0.24,0.39,17.95,0.057,45,149,0.9999,3.21,0.36,8.6,0
5.9,0.26,0.4,1.3,0.047,12,139,0.9945,3.45,0.53,10.4,0
7.2,0.2,0.34,2.7,0.032,49,151,0.99,3.16,0.39,12.7,1
6.2,0.22,0.28,2.2,0.04,24,125,0.9917,3.19,0.48,10.5,0
6.6,0.26,0.46,7.8,0.047,48,186,0.9958,3.2,0.54,9.1,0
6.6,0.27,0.52,8.1,0.044,53,202,0.99548,3.18,0.48,9.5,0
6.3,0.27,0.46,11.75,0.037,61,212,0.9971,3.25,0.53,9.5,0
7.2,0.24,0.24,1.7,0.045,18,161,0.99196,3.25,0.53,11.2,0
6.7,0.24,0.46,2.2,0.033,19,111,0.99045,3.1,0.62,11.9,0
5.5,0.23,0.19,2.2,0.044,39,161,0.99209,3.19,0.43,10.4,0
6.3,0.21,0.28,1.5,0.051,46,142,0.9928,3.23,0.42,10.1,0
7,0.55,0.05,8,0.036,19,164,0.99269,3.26,0.46,12.2,0
7.6,0.26,0.58,7.9,0.041,62,180,0.9966,3.07,0.38,9,0
6.8,0.16,0.29,10.4,0.046,59,143,0.99518,3.2,0.4,10.8,0
8.5,0.28,0.34,13.8,0.041,32,161,0.9981,3.13,0.4,9.9,0
7.9,0.14,0.28,1.8,0.041,44,178,0.9954,3.45,0.43,9.2,0
6.1,0.34,0.21,5,0.042,17,133,0.99373,3.02,0.53,9.4,0
7.9,0.21,0.39,2,0.057,21,138,0.99176,3.05,0.52,10.9,0
7,0.31,0.39,7.5,0.055,42,218,0.99652,3.37,0.54,10.3,0
6.1,0.33,0.32,7.8,0.052,52,183,0.99657,3.39,0.65,9.5,0
6.1,0.34,0.46,4.7,0.029,21,94,0.991,3.29,0.62,12.3,0
7.5,0.14,0.34,1.3,0.055,50,153,0.9945,3.29,0.8,9.6,0
5.8,0.23,0.31,4.5,0.046,42,124,0.99324,3.31,0.64,10.8,0
6.7,0.21,0.34,1.4,0.049,36,112,0.99091,3.02,0.5,11,0
6.5,0.33,0.28,6.1,0.018,41,103,0.99122,3.24,0.32,12.2,0
6.2,0.27,0.47,1.2,0.146,28,105,0.99224,3.23,0.51,10.1,0
6.7,0.33,0.49,1.6,0.167,20,94,0.9914,3.11,0.5,11.4,0
6.8,0.46,0.26,2.7,0.042,28,83,0.99114,3.38,0.51,12,1
6.3,0.2,0.18,10.6,0.045,57,159,0.99666,3.09,0.54,9.2,0
6.1,0.2,0.25,1.2,0.038,34,128,0.9921,3.24,0.44,10.1,0
7.3,0.22,0.37,14.3,0.063,48,191,0.9978,2.89,0.38,9,0
6.3,0.27,0.49,1.2,0.063,35,92,0.9911,3.38,0.42,12.2,0
6.5,0.26,0.34,1.4,0.04,25,184,0.99216,3.29,0.46,10.7,0
7.3,0.24,0.34,15.4,0.05,38,174,0.9983,3.03,0.42,9,0
6.1,0.27,0.32,1.1,0.034,24,110,0.9898,3.36,0.4,12.5,0
7.6,0.4,0.27,1.2,0.053,23,193,0.99164,3.22,0.38,11.6,0
5.8,0.415,0.13,1.4,0.04,11,64,0.9922,3.29,0.52,10.5,0
6,0.25,0.4,5.7,0.052,56,152,0.99398,3.16,0.88,10.5,0
6.7,0.48,0.49,2.9,0.03,28,122,0.98926,3.13,0.4,13,0
5.9,0.17,0.3,1.4,0.042,25,119,0.9931,3.68,0.72,10.5,0
7.7,0.24,0.27,1.8,0.051,52,190,0.9928,3.23,0.5,10.8,0
6.5,0.22,0.25,17.1,0.05,44,138,1.0001,3.3,0.37,8.8,0
8.3,0.16,0.37,7.9,0.025,38,107,0.99306,2.93,0.37,11.9,0
7.6,0.18,0.36,2.4,0.049,38,123,0.996,3.6,0.46,10.3,0
6.4,0.29,0.21,9.65,0.041,36,119,0.99334,2.99,0.34,10.93333333,0
7.2,0.29,0.53,18.15,0.047,59,182,0.9992,3.09,0.52,9.6,0
5.8,0.32,0.2,2.6,0.027,17,123,0.98936,3.36,0.78,13.9,1
6.6,0.25,0.34,3,0.054,22,141,0.99338,3.26,0.47,10.4,0
7.6,0.27,0.34,5,0.04,18,56,0.99084,3.06,0.48,12.4,0
5.4,0.53,0.16,2.7,0.036,34,128,0.98856,3.2,0.53,13.2,1
5.5,0.485,0,1.5,0.065,8,103,0.994,3.63,0.4,9.7,0
7.6,0.52,0.49,14,0.034,37,156,0.9958,3.14,0.38,11.8,1
7.4,0.2,0.31,1.6,0.038,34,116,0.9912,3.25,0.39,12,1
8.2,0.37,0.64,13.9,0.043,22,171,0.99873,2.99,0.8,9.3,0
7.2,0.4,0.24,8.5,0.055,45,151,0.99626,3.2,0.52,9.2,0
6.4,0.32,0.5,10.7,0.047,57,206,0.9968,3.08,0.6,9.4,0
6.4,0.38,0.24,7.2,0.047,41,151,0.99604,3.11,0.6,9.2,0
5.7,0.16,0.32,1.2,0.036,7,89,0.99111,3.26,0.48,11,0
5.7,0.21,0.25,1.1,0.035,26,81,0.9902,3.31,0.52,11.4,0
7,0.23,0.28,2.7,0.053,16,92,0.99372,3.18,0.56,9.3,0
7.5,0.705,0.1,13,0.044,44,214,0.99741,3.1,0.5,9.1,0
6.2,0.27,0.32,6.3,0.048,47,159,0.99282,3.21,0.6,11,0
7.4,0.25,0.37,2.6,0.05,24,132,0.99138,3.04,0.53,11.2,0
6.9,0.44,0.27,5,0.038,33,166,0.99124,3.2,0.42,12.2,0
8,0.33,0.32,4.6,0.041,31,180,0.99184,2.92,0.74,12.2,0
5.7,0.15,0.47,11.4,0.035,49,128,0.99456,3.03,0.34,10.5,1
5.8,0.34,0.16,7,0.037,26,116,0.9949,3.46,0.45,10,1
7.6,0.38,0.2,3.4,0.046,9,116,0.9944,3.15,0.41,9.4,0
5.3,0.275,0.24,7.4,0.038,28,114,0.99313,3.38,0.51,11,0
6.1,0.28,0.22,1.8,0.034,32,116,0.9898,3.36,0.44,12.6,0
6.6,0.13,0.29,13.9,0.056,33,95,0.99702,3.17,0.39,9.4,0
7.2,0.26,0.74,13.6,0.05,56,162,0.998,3.03,0.44,8.8,0
6.8,0.26,0.34,13.9,0.034,39,134,0.9949,3.33,0.53,12,0
6.1,0.17,0.27,1.5,0.056,45,135,0.9924,3.2,0.43,10.2,0
6.3,0.28,0.22,9.5,0.04,30,111,0.99338,3.05,0.31,10.8,0
7.2,0.36,0.36,5.7,0.038,26,98,0.9914,2.93,0.59,12.5,1
7.5,0.42,0.19,6.9,0.041,62,150,0.99508,3.23,0.37,10,0
7.2,0.14,0.32,1.1,0.022,48,116,0.99218,3.04,0.67,10,0
6.6,0.21,0.6,1.1,0.135,61,144,0.9927,3.12,0.39,9.3,1
6.4,0.24,0.49,5.8,0.053,25,120,0.9942,3.01,0.98,10.5,0
6.3,0.25,0.53,1.8,0.021,41,101,0.989315,3.19,0.31,13,0
6.9,0.35,0.55,11.95,0.038,22,111,0.99687,3.11,0.29,9.7,0
6.9,0.18,0.38,8.1,0.049,44,176,0.9958,3.3,0.54,9.8,0
7,0.35,0.31,1.8,0.069,15,162,0.9944,3.18,0.47,9.4,0
6.1,0.25,0.48,15.8,0.052,25,94,0.99782,3.07,0.45,9.2,0
6.8,0.25,0.18,1.4,0.056,13,137,0.9935,3.11,0.42,9.5,0
8,0.28,0.42,7.1,0.045,41,169,0.9959,3.17,0.43,10.6,0
7.1,0.45,0.24,2.7,0.04,24,87,0.98862,2.94,0.38,13.4,1
7.2,0.2,0.28,1.6,0.028,13,168,0.99203,3.17,1.06,11.5,0
5.5,0.42,0.09,1.6,0.019,18,68,0.9906,3.33,0.51,11.4,1
6.5,0.29,0.31,1.7,0.035,24,79,0.99053,3.27,0.69,11.4,1
6.8,0.22,0.31,6.9,0.037,33,121,0.99176,3.02,0.39,11.9,1
7.1,0.44,0.27,8.4,0.057,60,160,0.99257,3.16,0.36,11.8,0
6.1,0.26,0.28,1.7,0.043,24,98,0.98918,3.14,0.44,12.5,0
6.6,0.32,0.22,16.7,0.046,38,133,0.9979,3.22,0.67,10.4,0
7,0.23,0.36,7.1,0.028,31,104,0.9922,3.35,0.47,12.1,1
7.2,0.26,0.44,7.1,0.027,25,126,0.993,3.02,0.34,11.1,1
7.3,0.26,0.53,12.7,0.047,60.5,156,0.9984,3.06,0.45,9.1,0
6.6,0.38,0.36,9.2,0.061,42,214,0.9976,3.31,0.56,9.4,0
7.9,0.16,0.3,7.4,0.05,58,152,0.99612,3.12,0.37,9.5,0
7.3,0.3,0.42,7.35,0.025,51,175,0.9928,3.04,0.32,11.4,0
7.2,0.27,0.46,18.75,0.052,45,255,1,3.04,0.52,8.9,0
7.1,0.21,0.33,1.2,0.039,34,97,0.99112,3.11,0.75,11.2,0
5.2,0.6,0.07,7,0.044,33,147,0.9944,3.33,0.58,9.7,0
6.5,0.32,0.48,8,0.026,18,88,0.99144,3.22,0.79,12.7,0
6.6,0.25,0.35,2.9,0.034,38,121,0.99008,3.19,0.4,12.8,0
6.4,0.28,0.23,6,0.051,50,162,0.994,3.15,0.52,10.2,0
7,0.16,0.73,1,0.138,58,150,0.9936,3.08,0.3,9.2,0
8.2,0.2,0.38,3.5,0.053,41,174,0.99306,3.22,0.41,11.6,0
6,0.17,0.49,1,0.034,26,106,0.992,3.21,0.42,9.8,0
6.6,0.34,0.34,2.6,0.051,40.5,210,0.99314,3.15,0.61,10,0
6.2,0.3,0.26,13.4,0.046,57,206,0.99775,3.17,0.43,9.5,0
7.2,0.4,0.49,1.1,0.048,11,138,0.9929,3.01,0.42,9.3,0
6.7,0.18,0.3,6.4,0.048,40,251,0.9956,3.29,0.52,10,0
6.15,0.21,0.37,3.2,0.021,20,80,0.99076,3.39,0.47,12,0
7.4,0.32,0.27,12.9,0.04,60,221,0.99831,3.05,0.66,9.4,0
7,0.15,0.28,14.7,0.051,29,149,0.99792,2.96,0.39,9,1
7.4,0.2,0.37,16.95,0.048,43,190,0.9995,3.03,0.42,9.2,0
8.3,0.27,0.34,10.2,0.048,50,118,0.99716,3.18,0.51,10.3,0
6,0.26,0.42,5.2,0.027,70,178,0.9914,3.4,0.4,12.3,1
6.3,0.67,0.48,12.6,0.052,57,222,0.9979,3.17,0.52,9.3,0
6.6,0.28,0.23,10.4,0.049,45,190,0.99754,3.12,0.51,8.8,0
7.1,0.26,0.34,14.4,0.067,35,189,0.9986,3.07,0.53,9.1,1
6.8,0.24,0.38,8.3,0.045,50,185,0.99578,3.15,0.5,9.5,0
6.4,0.31,0.38,2.9,0.038,19,102,0.9912,3.17,0.35,11,1
6.6,0.28,0.34,0.8,0.037,42,119,0.9888,3.03,0.37,12.5,0
7.3,0.23,0.34,9.3,0.052,19,86,0.99574,3.04,0.56,10,0
6.4,0.25,0.57,1,0.062,21,122,0.99238,3,0.4,9.5,0
7,0.39,0.21,10.7,0.098,13,91,0.99657,3.03,0.47,9.3,0
8,0.14,0.33,1.2,0.045,71,162,0.9914,3.07,0.47,11,0
6.4,0.15,0.29,1.8,0.044,21,115,0.99166,3.1,0.38,10.2,0
6.5,0.36,0.28,3.2,0.037,29,119,0.9908,3.25,0.65,12.4,1
7.1,0.36,0.2,1.6,0.271,24,140,0.99356,3.11,0.63,9.8,0
7.2,0.24,0.27,11.4,0.034,40,174,0.99773,3.2,0.44,9,0
6.7,0.41,0.34,9.2,0.049,29,150,0.9968,3.22,0.51,9.1,0
6.4,0.16,0.25,1.3,0.047,20,77,0.9933,3.61,0.54,10.2,0
6.9,0.19,0.38,1.15,0.023,30,105,0.99047,3.11,0.38,11.4,0
7.6,0.18,0.28,7.1,0.041,29,110,0.99652,3.2,0.42,9.2,0
5.9,0.26,0.21,12.5,0.034,36,152,0.9972,3.28,0.43,9.5,0
6.6,0.17,0.3,1.1,0.031,13,73,0.99095,3.17,0.58,11,0
8,0.22,0.31,5.6,0.049,24,97,0.993,3.1,0.42,10.9,0
6.3,0.28,0.34,8.1,0.038,44,129,0.99248,3.26,0.29,12.1,0
7.8,0.26,0.49,3.1,0.045,21,116,0.9931,3.16,0.35,10.3,0
6.9,0.42,0.2,15.4,0.043,57,201,0.99848,3.08,0.54,9.4,0
6.1,0.27,0.3,16.7,0.039,49,172,0.99985,3.4,0.45,9.4,0
5.8,0.27,0.27,12.3,0.045,55,170,0.9972,3.28,0.42,9.3,0
6.9,0.27,0.4,14,0.05,64,227,0.9979,3.18,0.58,9.6,0
6.4,0.41,0.01,6.1,0.048,20,70,0.99362,3.19,0.42,10,0
6.9,0.32,0.26,2.3,0.03,11,103,0.99106,3.06,0.42,11.1,0
6.5,0.36,0.31,13.55,0.053,20,113,0.99544,3.2,0.56,11,0
8.8,0.33,0.44,6.35,0.024,9,87,0.9917,2.96,0.4,12.6,1
7.7,0.15,0.29,1.3,0.029,10,64,0.9932,3.35,0.39,10.1,0
6.9,0.25,0.3,4.1,0.054,23,116,0.994,2.99,0.38,9.4,0
7.4,0.25,0.28,7.25,0.028,14,78,0.99238,2.94,0.37,11.5,1
6.2,0.35,0.03,1.2,0.064,29,120,0.9934,3.22,0.54,9.1,0
7,0.36,0.35,2.5,0.048,67,161,0.99146,3.05,0.56,11.1,0
5.9,0.17,0.28,0.7,0.027,5,28,0.98985,3.13,0.32,10.6,0
6.7,0.24,0.3,10.2,0.07,44,179,0.99666,2.86,0.46,8.9,0
6.2,0.38,0.42,2.5,0.038,34,117,0.99132,3.36,0.59,11.6,1
7.6,0.34,0.39,7.6,0.04,45,215,0.9965,3.11,0.53,9.2,0
5.8,0.22,0.29,0.9,0.034,34,89,0.98936,3.14,0.36,11.1,1
6.8,0.63,0.04,1.3,0.058,25,133,0.99271,3.17,0.39,10.2,0
5.6,0.225,0.24,9.8,0.054,59,140,0.99545,3.17,0.39,10.2,0
6.2,0.26,0.19,3.4,0.049,47,172,0.9924,3.14,0.43,10.4,0
6.8,0.28,0.37,7,0.057,35,208,0.9973,3.57,0.55,10.2,0
7.6,0.3,0.22,10.2,0.049,57,191,0.9966,3.08,0.4,9.3,0
7.3,0.31,0.69,10.2,0.041,58,160,0.9977,3.06,0.45,8.6,0
6.3,0.2,0.3,5.9,0.034,35,152,0.99642,3.47,0.4,8.5,0
6.7,0.2,0.24,6.5,0.044,28,100,0.99348,3.12,0.33,10.2,0
4.8,0.65,0.12,1.1,0.013,4,10,0.99246,3.32,0.36,13.5,0
6.9,0.2,0.4,7.7,0.032,51,176,0.9939,3.22,0.27,11.4,0
7,0.21,0.34,8.5,0.033,31,253,0.9953,3.22,0.56,10.5,0
8.6,0.31,0.3,0.9,0.045,16,109,0.99249,2.95,0.39,10.1,0
8.9,0.27,0.28,0.8,0.024,29,128,0.98984,3.01,0.35,12.4,0
5.9,0.26,0.3,1,0.036,38,114,0.9928,3.58,0.48,9.4,0
6.5,0.22,0.28,3.7,0.059,29,151,0.99177,3.23,0.41,12.1,1
5.7,0.32,0.38,4.75,0.033,23,94,0.991,3.42,0.42,11.8,1
6.5,0.18,0.33,1.4,0.029,35,138,0.99114,3.36,0.6,11.5,1
7.7,0.275,0.3,1,0.039,19,75,0.992,3.01,0.56,10.7,0
6.1,0.28,0.24,19.95,0.074,32,174,0.99922,3.19,0.44,9.3,0
7.2,0.19,0.27,11.2,0.061,46,149,0.99772,2.99,0.59,9.3,0
6.5,0.31,0.14,7.5,0.044,34,133,0.9955,3.22,0.5,9.5,0
5.8,0.36,0.32,1.7,0.033,22,96,0.9898,3.03,0.38,11.2,0
5.8,0.22,0.29,1.3,0.036,25,68,0.98865,3.24,0.35,12.6,0
6.9,0.27,0.25,7.5,0.03,18,117,0.99116,3.09,0.38,13,0
6.8,0.23,0.29,15.4,0.073,56,173,0.9984,3.06,0.41,8.7,0
6.8,0.21,0.27,2.1,0.03,26,139,0.99,3.16,0.61,12.6,1
8.4,0.31,0.31,0.95,0.021,52,148,0.99038,2.93,0.32,11.5,0
5.5,0.24,0.45,1.7,0.046,22,113,0.99224,3.22,0.48,10,0
6.2,0.25,0.54,7,0.046,58,176,0.99454,3.19,0.7,10.4,0
6.6,0.22,0.23,17.3,0.047,37,118,0.99906,3.08,0.46,8.8,0
5.6,0.28,0.28,4.2,0.044,52,158,0.992,3.35,0.44,10.7,1
7.1,0.44,0.37,2.7,0.041,35,128,0.9896,3.07,0.43,13.5,1
7.1,0.26,0.34,14.4,0.067,35,189,0.9986,3.07,0.53,9.1,1
7.2,0.23,0.32,8.5,0.058,47,186,0.9956,3.19,0.4,9.9,0
5.7,0.22,0.2,16,0.044,41,113,0.99862,3.22,0.46,8.9,0
5.6,0.18,0.3,10.2,0.028,28,131,0.9954,3.49,0.42,10.8,1
4.7,0.145,0.29,1,0.042,35,90,0.9908,3.76,0.49,11.3,0
8,0.19,0.3,2,0.053,48,140,0.994,3.18,0.49,9.6,0
6.7,0.23,0.26,1.4,0.06,33,154,0.9934,3.24,0.56,9.5,0
5.8,0.19,0.24,1.3,0.044,38,128,0.99362,3.77,0.6,10.6,0
7.5,0.33,0.36,2.6,0.051,26,126,0.99097,3.32,0.53,12.7,0
6.5,0.115,0.29,1.95,0.038,73,166,0.989,3.12,0.25,12.9,1
6,0.19,0.26,1.4,0.039,30,104,0.98998,3.32,0.41,12.4,0
7.4,0.18,0.27,1.3,0.048,26,105,0.994,3.52,0.66,10.6,0
6,0.42,0.41,12.4,0.032,50,179,0.99622,3.14,0.6,9.7,0
7,0.24,0.3,4.2,0.04,41,213,0.9927,3.28,0.49,11.8,0
6.5,0.37,0.3,2.2,0.033,39,107,0.98894,3.22,0.53,13.5,1
5.9,0.22,0.18,6.4,0.041,28,120,0.99403,3.27,0.5,9.9,0
6.2,0.12,0.34,1.5,0.045,43,117,0.9939,3.42,0.51,9,0
7.1,0.43,0.61,11.8,0.045,54,155,0.9974,3.11,0.45,8.7,0
7.4,0.16,0.3,13.7,0.056,33,168,0.99825,2.9,0.44,8.7,1
7.3,0.18,0.29,1.2,0.044,12,143,0.9918,3.2,0.48,11.3,1
5.9,0.14,0.2,1.6,0.04,26,114,0.99105,3.25,0.45,11.4,0
6.5,0.33,0.3,3.8,0.036,34,88,0.99028,3.25,0.63,12.5,1
6.1,0.38,0.14,3.9,0.06,27,113,0.99344,3.07,0.34,9.2,0
7.6,0.31,0.24,1.8,0.037,39,150,0.9913,3.05,0.44,11.8,1
7.3,0.26,0.49,5,0.028,32,107,0.9936,3.24,0.54,10.8,0
6.8,0.24,0.34,2.7,0.047,64.5,218.5,0.9934,3.3,0.58,9.7,0
7.1,0.26,0.49,2.2,0.032,31,113,0.9903,3.37,0.42,12.9,1
7.1,0.15,0.34,1,0.033,27,73,0.98974,3.24,0.41,12.2,0
8.2,0.15,0.48,2.7,0.052,24,190,0.995,3.5,0.45,10.9,1
7.1,0.21,0.28,2.7,0.034,23,111,0.99405,3.35,0.64,10.2,0
8.3,0.18,0.37,1.2,0.049,6,94,0.9937,3.18,0.52,10.1,0
7.1,0.37,0.3,6.2,0.04,49,139,0.99021,3.17,0.27,13.6,0
8.3,0.3,0.36,10,0.042,33,169,0.9982,3.23,0.51,9.3,0
6.4,0.31,0.27,7.4,0.049,48,169,0.99323,3.27,0.45,11.1,0
5.2,0.44,0.04,1.4,0.036,43,119,0.9894,3.36,0.33,12.1,1
7.3,0.4,0.24,6.7,0.058,41,166,0.995,3.2,0.41,9.9,0
7,0.15,0.28,14.7,0.051,29,149,0.99792,2.96,0.39,9,1
5.8,0.34,0.21,6.6,0.04,50,167,0.9941,3.29,0.62,10,0
6.4,0.18,0.31,1.6,0.049,36,127,0.9934,3.6,0.67,10.4,1
5.4,0.33,0.31,4,0.03,27,108,0.99031,3.3,0.43,12.2,1
6.4,0.24,0.26,8.2,0.054,47,182,0.99538,3.12,0.5,9.5,0
6.1,0.35,0.07,1.4,0.069,22,108,0.9934,3.23,0.52,9.2,0
5.2,0.22,0.46,6.2,0.066,41,187,0.99362,3.19,0.42,9.733333333,0
6.1,0.36,0.26,8.15,0.035,14,88,0.99031,3.06,0.27,13,1
5.8,0.345,0.15,10.8,0.033,26,120,0.99494,3.25,0.49,10,0
6.7,0.31,0.3,2.4,0.038,30,83,0.98867,3.09,0.36,12.8,1
6.5,0.32,0.34,5.7,0.044,27,91,0.99184,3.28,0.6,12,1
6.3,0.3,0.28,5,0.042,36,168,0.99505,3.22,0.69,9.5,0
6.4,0.35,0.28,1.1,0.055,9,160,0.99405,3.42,0.5,9.1,1
8.2,0.23,0.49,0.9,0.057,15,73,0.9928,3.07,0.38,10.4,0
8.2,0.26,0.33,2.6,0.053,11,71,0.99402,2.89,0.49,9.5,0
5.7,0.24,0.47,6.3,0.069,35,182,0.99391,3.11,0.46,9.75,0
5.6,0.18,0.58,1.25,0.034,29,129,0.98984,3.51,0.6,12,1
5.9,0.24,0.3,2,0.033,28,92,0.99225,3.39,0.69,10.9,1
5,0.55,0.14,8.3,0.032,35,164,0.9918,3.53,0.51,12.5,1
6.1,0.41,0,1.6,0.063,36,87,0.9914,3.27,0.67,10.8,0
6.7,0.16,0.34,1.6,0.026,27,109,0.9934,3.34,0.58,10.1,0
5.6,0.49,0.13,4.5,0.039,17,116,0.9907,3.42,0.9,13.7,1
5.8,0.17,0.3,1.4,0.037,55,130,0.9909,3.29,0.38,11.3,0
6.6,0.26,0.56,15.4,0.053,32,141,0.9981,3.11,0.49,9.3,0
7.6,0.21,0.35,1.2,0.041,7,106,0.9914,3.06,0.45,11.3,0
7.5,0.23,0.68,11,0.047,37,133,0.9978,2.99,0.38,8.8,0
8.3,0.2,0.49,1.7,0.038,38,167,0.9939,3.05,0.37,10.1,0
7.6,0.2,0.3,14.2,0.056,53,212.5,0.999,3.14,0.46,8.9,1
7.4,0.2,0.37,16.95,0.048,43,190,0.9995,3.03,0.42,9.2,0
7,0.23,0.42,18.05,0.05,35,144,0.9999,3.22,0.42,8.8,0
7.6,0.31,0.24,1.8,0.037,39,150,0.9913,3.05,0.44,11.8,1
8.2,0.61,0.45,5.4,0.03,15,118,0.9954,3.14,0.34,9.6,0
7,0.17,0.37,1.5,0.028,26,75,0.9922,3.3,0.46,10.8,1
6.3,0.16,0.22,1.3,0.046,18,66,0.99307,3.61,0.55,10.3,0
6.4,0.22,0.32,7.9,0.029,34,124,0.9948,3.4,0.39,10.2,0
6.7,0.11,0.26,14.8,0.053,44,95,0.99676,3.2,0.35,9.8,0
6.1,0.43,0.35,9.1,0.059,83,249,0.9971,3.37,0.5,8.5,0
8.3,0.25,0.33,2.5,0.053,12,72,0.99404,2.89,0.48,9.5,0
7.3,0.16,0.35,1.5,0.036,29,108,0.99342,3.27,0.51,10.2,0
6.3,0.22,0.33,1.7,0.041,67,164,0.9928,3.32,0.56,10.4,0
8.3,0.15,0.39,1.3,0.055,32,146,0.993,3.08,0.39,10.5,0
6.6,0.29,0.29,1.8,0.036,38,102,0.98819,3.08,0.42,13.7,1
6.8,0.18,0.28,8.5,0.047,52,242,0.9952,3.22,0.53,10.5,0
7,0.4,0.25,1.8,0.05,51,189,0.99174,3,0.55,11.4,0
8,0.28,0.32,7.6,0.045,61,204,0.99543,3.1,0.55,10.1,0
6.1,0.68,0.52,1.4,0.037,32,123,0.99022,3.24,0.45,12,0
7.5,0.42,0.2,1.4,0.06,15,168,0.9944,3.06,0.4,9.4,0
7.1,0.09,0.3,6.2,0.032,24,134,0.993,2.99,0.39,10.9,0
6.4,0.26,0.24,6.4,0.04,27,124,0.9903,3.22,0.49,12.6,1
7.3,0.28,0.54,12.9,0.049,62,162.5,0.9984,3.06,0.45,9.1,0
6.6,0.24,0.35,7.7,0.031,36,135,0.9938,3.19,0.37,10.5,0
5.1,0.25,0.36,1.3,0.035,40,78,0.9891,3.23,0.64,12.1,1
6.6,0.54,0.21,16.3,0.055,41,182,0.9986,3.35,0.54,10.4,0
6.4,0.23,0.3,7.1,0.037,63,236,0.9952,3.06,0.34,9.2,0
7.2,0.24,0.4,17.85,0.049,50,185,1,3.34,0.42,9.6,0
6.2,0.25,0.54,7,0.046,58,176,0.99454,3.19,0.7,10.4,0
5.4,0.29,0.47,3,0.052,47,145,0.993,3.29,0.75,10,0
7,0.24,0.35,1,0.032,42,104,0.98988,3.16,0.37,11.7,1
7.6,0.21,0.49,2.5,0.047,20,130,0.99178,3.15,0.48,11.1,0
6.5,0.25,0.27,17.4,0.064,29,140,0.99776,3.2,0.49,10.1,0
6.7,0.18,0.28,10.2,0.039,29,115,0.99469,3.11,0.45,10.9,1
8.3,0.26,0.41,9.2,0.042,41,162,0.9944,3.1,0.38,12,1
7.4,0.16,0.27,15.5,0.05,25,135,0.9984,2.9,0.43,8.7,1
5.9,0.22,0.45,22.6,0.12,55,122,0.99636,3.1,0.35,12.8,0
7.3,0.18,0.29,1.2,0.044,12,143,0.9918,3.2,0.48,11.3,1
7.6,0.4,0.27,5.2,0.03,32,101,0.99172,3.22,0.62,12.3,1
6.6,0.26,0.25,11.6,0.045,45,178,0.99691,3.33,0.43,9.8,0
6.6,0.23,0.3,14.9,0.051,33,118,0.99835,3.04,0.54,9,0
6.8,0.3,0.35,2.8,0.038,10,164,0.9912,3.09,0.53,12,0
6.7,0.33,0.34,7.5,0.036,39,124,0.99123,2.99,0.32,12.4,1
6,0.29,0.21,1.3,0.055,42,168,0.9914,3.32,0.43,11.1,0
6,0.28,0.52,6.2,0.028,37,104,0.99161,3.28,0.51,11.8,1
6.5,0.26,0.32,6.65,0.059,34,104,0.99254,3.18,0.42,11.1,0
6,0.26,0.33,4.35,0.04,15,80,0.98934,3.29,0.5,12.7,0
7.3,0.24,0.3,2.5,0.042,31,104,0.9911,3.05,0.56,11.3,1
7.2,0.17,0.28,17.55,0.05,33,154,0.99971,2.94,0.43,9,1
5.7,0.335,0.34,1,0.04,13,174,0.992,3.27,0.66,10,0
6.7,0.2,0.24,6.5,0.044,28,100,0.99348,3.12,0.33,10.2,0
7.5,0.23,0.49,7.7,0.049,61,209,0.9941,3.14,0.3,11.1,1
7.6,0.52,0.49,14,0.034,37,156,0.9958,3.14,0.38,11.8,1
6.5,0.17,0.33,1.4,0.028,14,99,0.9928,3.23,0.55,10.1,0
6.9,0.16,0.35,1.3,0.043,21,182,0.9927,3.25,0.62,10.8,0
9.4,0.3,0.32,10.7,0.029,14,111,0.9958,2.85,0.42,10.6,0
5.6,0.12,0.33,2.9,0.044,21,73,0.98896,3.17,0.32,12.9,1
6.5,0.27,0.4,10,0.039,74,227,0.99582,3.18,0.5,9.4,0
5,0.35,0.25,7.8,0.031,24,116,0.99241,3.39,0.4,11.3,0
6.8,0.28,0.29,11.9,0.052,51,149,0.99544,3.02,0.58,10.4,0
6.6,0.23,0.32,1.5,0.041,8,72,0.98949,3.22,0.39,12.7,0
6.15,0.21,0.37,3.2,0.021,20,80,0.99076,3.39,0.47,12,0
6.5,0.15,0.32,1.3,0.036,19,76,0.98964,3.18,0.41,12.3,0
6.6,0.38,0.15,4.6,0.044,25,78,0.9931,3.11,0.38,10.2,0
7.5,0.38,0.29,4.9,0.021,38,113,0.99026,3.08,0.48,13,1
5.7,0.22,0.22,16.65,0.044,39,110,0.99855,3.24,0.48,9,0
7.2,0.13,0.46,1.3,0.044,48,111,0.99127,2.97,0.45,11.1,0
6.9,0.31,0.32,1.2,0.024,20,166,0.99208,3.05,0.54,9.8,0
7.7,0.32,0.61,11.8,0.041,66,188,0.99794,3,0.54,9.3,0
8.6,0.55,0.35,15.55,0.057,35.5,366.5,1.0001,3.04,0.63,11,0
5.7,0.23,0.25,7.95,0.042,16,108,0.99486,3.44,0.61,10.3,0
7,0.15,0.28,14.7,0.051,29,149,0.99792,2.96,0.39,9,1
5.7,0.22,0.22,16.65,0.044,39,110,0.99855,3.24,0.48,9,0
6.6,0.25,0.33,8.5,0.042,29,141,0.99546,3.28,0.6,10.4,0
6.2,0.36,0.26,13.2,0.051,54,201,0.9976,3.25,0.46,9,0
6.9,0.25,0.34,1.3,0.035,27,82,0.99045,3.18,0.44,12.2,0
7.4,0.2,0.37,1.2,0.028,28,89,0.99132,3.14,0.61,11.8,0
6.8,0.26,0.24,7.8,0.052,54,214,0.9961,3.13,0.47,8.9,0
6.7,0.21,0.49,1.4,0.047,30,114,0.9914,2.92,0.42,10.8,1
6.5,0.38,0.26,5.2,0.042,33,112,0.99067,3.06,0.5,12.3,1
6.6,0.16,0.34,1.1,0.037,41,115,0.9899,3.01,0.68,12,0
7,0.26,0.59,1.4,0.037,40,120,0.9918,3.34,0.41,11.1,1
6.2,0.36,0.14,8.9,0.036,38,155,0.99622,3.27,0.5,9.4,0
6.5,0.24,0.32,7.6,0.038,48,203,0.9958,3.45,0.54,9.7,1
6.4,0.45,0.07,1.1,0.03,10,131,0.9905,2.97,0.28,10.8,0
5.8,0.385,0.25,3.7,0.031,38,122,0.99128,3.2,0.63,11.2,0
7.1,0.29,0.28,9.3,0.048,50,141,0.9949,3.13,0.49,10.3,0
8.2,0.23,0.37,1.3,0.042,39,117,0.9928,2.99,0.36,10,0
9.6,0.25,0.54,1.3,0.04,16,160,0.9938,2.94,0.43,10.5,0
6.7,0.31,0.18,7.7,0.043,57,200,0.99566,3.17,0.44,9.4,0
7.3,0.25,0.36,2.1,0.034,30,177,0.99085,3.25,0.4,11.9,1
5.6,0.46,0.24,4.8,0.042,24,72,0.9908,3.29,0.37,12.6,0
6.2,0.28,0.33,1.7,0.029,24,111,0.99,3.24,0.5,12.1,0
7.7,0.18,0.3,1.2,0.046,49,199,0.99413,3.03,0.38,9.3,0
7.1,0.21,0.28,2.7,0.034,23,111,0.99405,3.35,0.64,10.2,0
7.1,0.28,0.49,6.5,0.041,28,111,0.9926,3.41,0.58,12.2,1
6.8,0.24,0.33,3.2,0.049,68,161,0.99324,3.1,0.69,10.2,0
7.1,0.37,0.67,10.5,0.045,49,155,0.9975,3.16,0.44,8.7,0
7.7,0.43,0.28,4.5,0.046,33,102,0.9918,3.16,0.56,12.2,1
6.9,0.2,0.34,1.9,0.043,25,136,0.9935,3.31,0.6,10.1,0
7.6,0.345,0.26,1.9,0.043,15,134,0.9936,3.08,0.38,9.5,0
7.4,0.29,0.29,1.6,0.045,53,180,0.9936,3.34,0.68,10.5,0
6,0.14,0.37,1.2,0.032,63,148,0.99185,3.32,0.44,11.2,0
6.1,0.31,0.34,2.8,0.042,59.5,162,0.99179,3.27,0.47,10.8,0
6.2,0.24,0.27,16.8,0.04,48,129,0.99691,3.23,0.38,10.5,0
6.7,0.41,0.24,5.4,0.035,33,115,0.9901,3.12,0.44,12.89333333,1
5.9,0.26,0.24,2.4,0.046,27,132,0.99234,3.63,0.73,11.3,0
7.3,0.22,0.26,1.5,0.04,32,172,0.99194,3.27,0.48,11.2,0
6.7,0.3,0.49,4.8,0.034,36,158,0.9945,3.12,0.45,9.9,0
7.8,0.28,0.22,1.4,0.056,24,130,0.9944,3.28,0.48,9.5,0
7.8,0.28,0.34,1.6,0.028,32,118,0.9901,3,0.38,12.1,1
6.6,0.25,0.35,14,0.069,42,163,0.999,3.56,0.47,9.8,0
7.5,0.24,0.62,10.6,0.045,51,153,0.99779,3.16,0.44,8.8,0
8.3,0.21,0.4,1.6,0.032,35,110,0.9907,3.02,0.6,12.9,1
6.5,0.36,0.36,6.7,0.185,51.5,151,0.99528,3.17,0.42,9.3,0
7.2,0.23,0.32,8.5,0.058,47,186,0.9956,3.19,0.4,9.9,0
6.8,0.23,0.32,1.6,0.026,43,147,0.9904,3.29,0.54,12.5,0
6.7,0.14,0.46,1.6,0.036,15,92,0.99264,3.37,0.49,10.9,0
7.6,0.2,0.3,14.2,0.056,53,212.5,0.999,3.14,0.46,8.9,1
5,0.35,0.25,7.8,0.031,24,116,0.99241,3.39,0.4,11.3,0
6.9,0.23,0.41,8,0.03,30,114,0.99368,3.22,0.54,11,0
6.7,0.25,0.23,7.2,0.038,61,220,0.9952,3.14,0.35,9.5,0
8.9,0.26,0.33,8.1,0.024,47,202,0.99558,3.13,0.46,10.8,0
7.4,0.3,0.3,5.2,0.053,45,163,0.9941,3.12,0.45,10.3,0
6.2,0.38,0.18,7.4,0.095,28,195,0.99773,3.53,0.71,9.2,0
6.7,0.31,0.18,7.7,0.043,57,200,0.99566,3.17,0.44,9.4,0
6.6,0.28,0.36,1.7,0.038,22,101,0.9912,3.29,0.57,11.6,0
9.4,0.42,0.32,6.5,0.027,20,167,0.99479,3.08,0.43,10.6,0
8.1,0.45,0.34,8.3,0.037,33,216,0.9976,3.31,0.64,9.7,0
6.9,0.23,0.38,8.3,0.047,47,162,0.9954,3.34,0.52,10.5,1
5.6,0.185,0.19,7.1,0.048,36,110,0.99438,3.26,0.41,9.5,0
7,0.24,0.3,4.2,0.04,41,213,0.9927,3.28,0.49,11.8,0
8.4,0.32,0.35,11.7,0.029,3,46,0.99439,3.02,0.34,11.8,0
8.6,0.485,0.29,4.1,0.026,19,101,0.9918,3.01,0.38,12.4,0
6.8,0.36,0.24,4.6,0.039,24,124,0.9909,3.27,0.34,12.6,1
7.3,0.28,0.35,1.6,0.054,31,148,0.99178,3.18,0.47,10.7,0
6.9,0.37,0.23,9.5,0.057,54,166,0.99568,3.23,0.42,10,0
6.9,0.28,0.37,9.1,0.037,16,76,0.9948,3.05,0.54,11.1,0
7.3,0.29,0.3,13,0.043,46,238,0.9986,3.06,0.41,8.7,0
5.9,0.29,0.33,7.4,0.037,58,205,0.99495,3.26,0.41,9.6,0
6.6,0.39,0.39,11.9,0.057,51,221,0.99851,3.26,0.51,8.9,0
5.5,0.14,0.27,4.6,0.029,22,104,0.9949,3.34,0.44,9,0
8.2,0.31,0.43,7,0.047,18,87,0.99628,3.23,0.64,10.6,0
6.4,0.17,0.34,1.5,0.091,42,135,0.9938,3.25,0.49,9.6,1
7,0.34,0.26,10.3,0.041,51,166,0.99382,3.08,0.35,11.6,0
7.3,0.13,0.32,14.4,0.051,34,109,0.9974,3.2,0.35,9.2,0
7.1,0.25,0.31,2.3,0.05,32,156,0.9914,3.14,0.51,11.4,0
7.2,0.32,0.4,8.7,0.038,45,154,0.99568,3.2,0.47,10.4,0
6.9,0.26,0.27,4.2,0.031,20,80,0.99089,3.12,0.39,11.5,0
5.2,0.44,0.04,1.4,0.036,43,119,0.9894,3.36,0.33,12.1,1
6.4,0.28,0.29,1.6,0.052,34,127,0.9929,3.48,0.56,10.5,1
5.6,0.695,0.06,6.8,0.042,9,84,0.99432,3.44,0.44,10.2,0
6.8,0.32,0.32,8.7,0.029,31,105,0.99146,3,0.34,12.3,1
7.3,0.25,0.27,3.8,0.047,16,79,0.99173,3.07,0.46,11.3,0
7.1,0.28,0.31,1.5,0.053,20,98,0.99069,3.15,0.5,11.4,0
8.1,0.5,0.47,1.1,0.037,23,126,0.9938,3.21,0.42,10.9,0
8.8,0.33,0.36,2.1,0.034,19,125,0.99166,2.96,0.98,12.7,0
5.6,0.19,0.46,1.1,0.032,33,115,0.9909,3.36,0.5,10.4,0
6.5,0.28,0.33,15.7,0.053,51,190,0.9978,3.22,0.51,9.7,0
7.1,0.26,0.19,8.2,0.051,53,187,0.996,3.16,0.52,9.7,0
5.8,0.3,0.38,4.9,0.039,22,86,0.98963,3.23,0.58,13.1,1
6.9,0.21,0.62,6.3,0.042,7,109,0.99358,2.96,0.59,10.2,0
4.8,0.34,0,6.5,0.028,33,163,0.9939,3.36,0.61,9.9,0
6.6,0.39,0.22,4,0.038,17,98,0.99018,3.25,0.53,13,1
5.7,0.25,0.21,1.5,0.044,21,108,0.99142,3.3,0.59,11,0
8.7,0.15,0.3,1.6,0.046,29,130,0.9942,3.22,0.38,9.8,0
6.6,0.22,0.23,17.3,0.047,37,118,0.99906,3.08,0.46,8.8,0
6.5,0.15,0.55,5.9,0.045,75,162,0.99482,2.97,0.4,9.3,0
7.3,0.22,0.37,15.5,0.048,70,203,0.99899,3.25,0.77,9.4,0
7.4,0.16,0.3,13.7,0.056,33,168,0.99825,2.9,0.44,8.7,1
5.9,0.36,0.41,1.3,0.047,45,104,0.9917,3.33,0.51,10.6,0
7.3,0.22,0.31,2.3,0.018,45,80,0.98936,3.06,0.34,12.9,1
6,0.28,0.27,2.3,0.051,23,147,0.994,3.23,0.67,10.3,0
8.2,0.24,0.3,2.3,0.05,23,106,0.99397,2.98,0.5,10,0
6.1,0.27,0.25,1.8,0.041,9,109,0.9929,3.08,0.54,9,0
6.5,0.23,0.25,17.3,0.046,15,110,0.99828,3.15,0.42,9.2,0
5.5,0.34,0.26,2.2,0.021,31,119,0.98919,3.55,0.49,13,1
7,0.32,0.27,7.1,0.027,37,122,0.99165,3.15,0.6,12.6,1
8.2,0.27,0.39,7.8,0.039,49,208,0.9976,3.31,0.51,9.5,0
3.8,0.31,0.02,11.1,0.036,20,114,0.99248,3.75,0.44,12.4,0
6.1,0.28,0.23,4.2,0.038,13,95,0.98898,2.97,0.7,13.1,0
6.2,0.25,0.54,7,0.046,58,176,0.99454,3.19,0.7,10.4,0
7,0.16,0.3,2.6,0.043,34,90,0.99047,2.88,0.47,11.2,0
7.4,0.19,0.3,1.4,0.057,33,135,0.993,3.12,0.5,9.6,0
6.8,0.29,0.22,3.4,0.035,40,122,0.99024,3.09,0.47,12.3,0
8,0.22,0.28,14,0.053,83,197,0.9981,3.14,0.45,9.8,0
6.8,0.18,0.3,12.8,0.062,19,171,0.99808,3,0.52,9,1
6.7,0.24,0.32,10.3,0.079,37,122,0.99662,3.02,0.45,8.8,0
5.7,0.14,0.3,5.4,0.045,26,105,0.99469,3.32,0.45,9.3,0
6.6,0.23,0.27,5.6,0.043,43,164,0.9953,3.27,0.76,9.5,0
6.4,0.27,0.45,8.3,0.05,52,196,0.9955,3.18,0.48,9.5,0
7,0.15,0.38,2.2,0.047,33,96,0.9928,3.13,0.39,10.4,1
7.3,0.2,0.26,1.6,0.04,36,123,0.99238,3.34,0.44,10.8,0
6.6,0.22,0.36,5.5,0.029,30,105,0.99206,3.2,0.47,11.8,0
7.3,0.25,0.36,13.1,0.05,35,200,0.9986,3.04,0.46,8.9,1
6.8,0.64,0.08,9.7,0.062,26,142,0.9972,3.37,0.46,8.9,0
6.2,0.33,0.41,16.8,0.037,58,173,0.99882,3.25,0.57,9.4,0
6.3,0.27,0.37,7.9,0.047,58,215,0.99542,3.19,0.48,9.5,0
7.5,0.24,0.31,13.1,0.05,26,180,0.99884,3.05,0.53,9.1,0
5.4,0.17,0.27,2.7,0.049,28,104,0.99224,3.46,0.55,10.3,0
6.5,0.19,0.3,0.8,0.043,33,144,0.9936,3.42,0.39,9.1,0
7.6,0.36,0.49,11.3,0.046,87,221,0.9984,3.01,0.43,9.2,0
7.3,0.32,0.23,13.7,0.05,49,197,0.9985,3.2,0.46,8.7,0
6.7,0.39,0.31,2.7,0.054,27,202,0.9948,3.46,0.57,10.5,0
7.4,0.2,0.43,7.8,0.045,27,153,0.9964,3.19,0.55,9,1
7.5,0.26,0.26,18.35,0.084,33,139,1.0011,3.17,0.39,8.8,0
6.8,0.37,0.51,11.8,0.044,62,163,0.9976,3.19,0.44,8.8,0
6.1,0.15,0.35,15.8,0.042,55,158,0.99642,3.24,0.37,10.6,0
7.4,0.27,0.28,1.8,0.04,45,121,0.99043,3.02,0.4,11.9,0
6.3,0.27,0.25,5.8,0.038,52,155,0.995,3.28,0.38,9.4,0
9.1,0.27,0.45,10.6,0.035,28,124,0.997,3.2,0.46,10.4,1
6.3,0.23,0.5,10.4,0.043,61,132,0.99542,2.86,0.46,9.1,0
6.8,0.34,0.44,6.6,0.052,28,156,0.9955,3.14,0.41,9.6,0
8.7,0.3,0.59,1.7,0.046,10,70,0.99373,3.06,0.56,10.8,0
6.3,0.255,0.37,1.1,0.04,37,114,0.9905,3,0.39,10.9,0
7,0.61,0.26,1.7,0.051,25,161,0.9946,3.36,0.6,10.6,0
7.1,0.39,0.39,11.1,0.034,25,204,0.99616,3.05,0.52,10,0
6.3,0.17,0.32,4.2,0.04,37,117,0.99182,3.24,0.43,11.3,0
7,0.2,0.37,2,0.03,26,136,0.9932,3.28,0.61,10.2,0
7.5,0.33,0.32,11.1,0.036,25,119,0.9962,3.15,0.34,10.5,0
4.9,0.345,0.34,1,0.068,32,143,0.99138,3.24,0.4,10.1,0
6.6,0.41,0.24,4.9,0.158,47,144,0.99471,3.17,0.49,9.4,0
6.5,0.33,0.72,1.1,0.061,7,151,0.993,3.09,0.57,9.5,0
6.9,0.28,0.37,9.1,0.037,16,76,0.9948,3.05,0.54,11.1,0
6.3,0.41,0.22,7.3,0.035,23,117,0.99172,3.2,0.39,11.94,1
7.7,0.12,0.32,1.4,0.06,47,150,0.9952,3.37,0.42,9.2,0
7.3,0.19,0.49,15.55,0.058,50,134,0.9998,3.42,0.36,9.1,1
6.6,0.2,0.27,10.9,0.038,29,130,0.99496,3.11,0.44,10.5,1
6.4,0.17,0.27,9.9,0.047,26,101,0.99596,3.34,0.5,9.9,0
6.8,0.37,0.47,11.2,0.071,44,136,0.9968,2.98,0.88,9.2,0
7,0.16,0.26,7.3,0.047,30,220,0.99622,3.38,0.58,10.1,0
8,0.32,0.26,1.2,0.05,11.5,88,0.9946,3.24,0.37,9.5,0
6.8,0.18,0.38,1.4,0.038,35,111,0.9918,3.32,0.59,11.2,1
7.2,0.21,0.36,15.7,0.045,68,183,0.99922,3.25,0.76,9.4,0
7.1,0.21,0.27,8.6,0.056,26,111,0.9956,2.95,0.52,9.5,0
5.4,0.29,0.38,1.2,0.029,31,132,0.98895,3.28,0.36,12.4,0
6.6,0.29,0.31,3.9,0.027,39,96,0.99035,3.24,0.6,12.6,1
8.1,0.19,0.58,16.65,0.049,48,181,1.0006,3.2,0.62,9.1,0
5.9,0.18,0.28,5.1,0.039,50,139,0.99165,3.16,0.44,11.3,0
8.3,0.2,0.49,1.7,0.04,34,169,0.9938,3.05,0.37,10.1,0
6.1,0.2,0.17,1.6,0.048,46,129,0.991,3.3,0.43,11.4,0
8.6,0.18,0.36,1.8,0.04,24,187,0.9956,3.25,0.55,9.5,0
6.4,0.33,0.28,4,0.04,24,81,0.9903,3.26,0.64,12.6,1
7.5,0.42,0.14,10.7,0.046,18,95,0.9959,3.22,0.33,10.7,0
7.4,0.16,0.27,15.5,0.05,25,135,0.9984,2.9,0.43,8.7,1
9.6,0.29,0.46,1.45,0.039,77.5,223,0.9944,2.92,0.46,9.5,0
7.4,0.3,0.22,1.4,0.046,16,135,0.9928,3.08,0.77,10.4,1
6.9,0.26,0.31,7,0.039,37,175,0.99376,3.32,0.49,11.4,0
7.8,0.29,0.22,9.5,0.056,44,213,0.99715,3.08,0.61,9.3,0
7.2,0.23,0.38,14.3,0.058,55,194,0.9979,3.09,0.44,9,0
8,0.26,0.28,4.8,0.05,34,150,0.99437,3.13,0.5,10,0
7.2,0.24,0.4,1.4,0.045,31,106,0.9914,2.88,0.38,10.8,0
9.5,0.21,0.47,1.3,0.039,21,123,0.9959,2.9,0.64,9.5,0
6.6,0.33,0.41,2,0.027,14,79,0.99063,3.27,0.63,12.4,0
7.7,0.34,0.58,11.1,0.039,41,151,0.9978,3.06,0.49,8.6,0
7.1,0.18,0.74,15.6,0.044,44,176,0.9996,3.38,0.67,9,0
6.3,0.23,0.21,5.1,0.035,29,142,0.9942,3.36,0.33,10.1,1
6.3,0.26,0.49,1.5,0.052,34,134,0.9924,2.99,0.61,9.8,0
6.3,0.26,0.29,2.2,0.043,35,175,0.9918,3.38,0.43,11.6,0
6.8,0.25,0.37,3.1,0.026,29,93,0.99035,3.14,0.45,12.2,0
6.3,0.2,0.26,12.7,0.046,60,143,0.99526,3.26,0.35,10.8,0
6.2,0.36,0.22,5.25,0.038,44,145,0.99184,3.22,0.4,11.2,0
6.8,0.2,0.27,1.2,0.034,19,68,0.9902,3.14,0.37,11.7,0
6.2,0.23,0.36,17.2,0.039,37,130,0.99946,3.23,0.43,8.8,0
6.9,0.23,0.33,12.8,0.056,44,169,0.998,3.42,0.42,9.8,0
6.2,0.27,0.26,12.1,0.046,43,127,0.9951,3.16,0.37,10.8,0
6.7,0.22,0.39,10.2,0.038,60,149,0.99725,3.17,0.54,10,1
6.3,0.27,0.25,5.8,0.038,52,155,0.995,3.28,0.38,9.4,0
5,0.27,0.32,4.5,0.032,58,178,0.98956,3.45,0.31,12.6,1
6.1,0.17,0.28,2.5,0.028,22,98,0.99072,3.16,0.37,11.1,1
7.1,0.21,0.4,1.2,0.069,24,156,0.9928,3.42,0.43,10.6,0
6.5,0.22,0.29,7.4,0.028,16,87,0.99311,3.15,0.56,10.9,1
7.5,0.35,0.28,9.6,0.051,26,157,0.9969,3.12,0.53,9.2,0
6.5,0.23,0.38,1.3,0.032,29,112,0.99298,3.29,0.54,9.7,0
7,0.27,0.41,18.75,0.042,34,157,1.0002,2.96,0.5,9.1,0
6.9,0.38,0.29,13.65,0.048,52,189,0.99784,3,0.6,9.5,0
7.8,0.16,0.41,1.7,0.026,29,140,0.991,3.02,0.78,12.5,0
6.3,0.24,0.29,13.7,0.035,53,134,0.99567,3.17,0.38,10.6,0
7,0.23,0.33,1,0.043,46,110,0.99118,3.04,0.65,10.8,0
7.8,0.3,0.74,1.8,0.033,33,156,0.991,3.29,0.52,12.8,0
6.1,0.23,0.27,9.8,0.055,74,134,0.99534,3.16,0.4,10.2,0
5.2,0.335,0.2,1.7,0.033,17,74,0.99002,3.34,0.48,12.3,0
8,0.27,0.24,1.2,0.044,20,102,0.9929,3.28,0.42,10.9,0
5.4,0.22,0.29,1.2,0.045,69,152,0.99178,3.76,0.63,11,1
5.3,0.3,0.2,1.1,0.077,48,166,0.9944,3.3,0.54,8.7,0
8.7,0.31,0.73,14.35,0.044,27,191,1.00013,2.96,0.88,8.7,0
6.6,0.19,0.25,1.2,0.052,34,181,0.99352,3.3,0.42,9.4,1
7.7,0.44,0.24,11.2,0.031,41,167,0.9948,3.12,0.43,11.3,1
7.3,0.31,0.69,10.2,0.041,58,160,0.9977,3.06,0.45,8.6,0
6,0.24,0.33,2.5,0.026,31,85,0.99014,3.13,0.5,11.3,1
6,0.2,0.26,14.7,0.045,53,125,0.998365,2.99,0.69,9.4,0
7.1,0.34,0.32,2,0.051,29,130,0.99354,3.3,0.5,10.4,0
6.3,0.33,0.42,17.2,0.037,57,170,0.99884,3.26,0.57,9.4,0
6.5,0.32,0.12,11.5,0.033,35,165,0.9974,3.22,0.32,9,0
5,0.27,0.32,4.5,0.032,58,178,0.98956,3.45,0.31,12.6,1
6.1,0.36,0.58,15,0.044,42,115,0.9978,3.15,0.51,9,0
6.7,0.25,0.33,2.9,0.057,52,173,0.9934,3.02,0.48,9.5,1
5.9,0.24,0.34,2,0.037,40,108,0.98948,3.19,0.5,12.3,0
6.2,0.3,0.28,1.6,0.036,28,106,0.988245,3.14,0.41,13.3,0
7.4,0.27,0.52,15.7,0.054,36,139,0.99788,3.04,0.62,10.03333333,0
6.9,0.52,0.54,7.9,0.036,23,169,0.99267,3.26,0.47,12.2,0
6,0.24,0.41,1.3,0.036,42,118,0.99018,3.04,0.64,11.75,0
6.8,0.26,0.29,11.9,0.052,54,160,0.99546,3.03,0.58,10.4,0
6.7,0.42,0.39,12.1,0.04,61,248,0.99794,3.31,0.58,9.7,0
8.3,0.24,0.27,2.1,0.03,22,162,0.9914,2.99,0.68,11.9,0
6.5,0.32,0.3,2.3,0.051,20,127,0.98964,3.13,0.52,12.8,0
8.7,0.34,0.46,13.8,0.055,68,198,0.9988,3.36,0.37,9.5,0
6.5,0.41,0.64,11.8,0.065,65,225,0.9978,3.12,0.51,8.9,0
6.5,0.29,0.52,1.7,0.034,41,193,0.99223,3.25,0.59,10.4,0
5.7,0.31,0.29,7.3,0.05,33,143,0.99332,3.31,0.5,11.06666667,0
5.2,0.17,0.27,0.7,0.03,11,68,0.99218,3.3,0.41,9.8,0
6.8,0.19,0.4,9.85,0.055,41,103,0.99532,2.98,0.56,10.5,0
5.8,0.23,0.31,3.5,0.044,35,158,0.98998,3.19,0.37,12.1,1
7.4,0.4,0.41,14.1,0.053,37,194,0.99886,3.2,0.63,9.4,0
6.2,0.25,0.47,11.6,0.048,62,210,0.9968,3.19,0.5,9.5,0
7,0.13,0.3,5,0.056,31,122,0.9945,3.47,0.42,10.5,0
7.1,0.28,0.19,7.8,0.04,48,184,0.99579,3.16,0.5,9.4,0
8,0.2,0.36,1.2,0.032,21,78,0.9921,3.08,0.37,10.4,0
5.4,0.18,0.24,4.8,0.041,30,113,0.99445,3.42,0.4,9.4,0
6.9,0.58,0.58,8.2,0.032,29,169,0.99275,3.28,0.44,12.2,0
7.1,0.21,0.27,8.6,0.056,26,111,0.9956,2.95,0.52,9.5,0
6.3,0.32,0.17,17.75,0.06,51,190,0.99916,3.13,0.48,8.8,0
6.7,0.35,0.48,8.8,0.056,35,167,0.99628,3.04,0.47,9.4,0
6.8,0.16,0.36,1.3,0.034,32,98,0.99058,3.02,0.58,11.3,0
5.6,0.18,0.58,1.25,0.034,29,129,0.98984,3.51,0.6,12,1
6.2,0.36,0.22,5.25,0.038,44,145,0.99184,3.22,0.4,11.2,0
7.5,0.28,0.41,1.3,0.044,11,126,0.99293,3.28,0.45,10.3,0
7.6,0.1,0.33,1,0.031,33,93,0.99094,3.06,0.68,11.2,0
7.4,0.29,0.48,12.8,0.037,61.5,182,0.99808,3.02,0.34,8.8,0
8,0.2,0.44,1,0.057,24,111,0.99158,3.09,0.32,11.2,0
6.6,0.25,0.51,8,0.047,61,189,0.99604,3.22,0.49,9.2,0
6.1,0.22,0.31,1.4,0.039,40,129,0.99193,3.45,0.59,10.9,0
6.1,0.15,0.29,6.2,0.046,39,151,0.99471,3.6,0.44,10.6,0
6.6,0.56,0.22,8.9,0.034,27,133,0.99675,3.2,0.51,9.1,0
6.5,0.15,0.44,12.6,0.052,65,158,0.99688,3.26,0.7,10.3,1
6.5,0.26,0.31,1.3,0.034,59,145,0.98944,3.16,0.54,12.4,0
5.1,0.26,0.34,6.4,0.034,26,99,0.99449,3.23,0.41,9.2,0
7,0.29,0.33,0.9,0.041,20,117,0.99048,3.21,0.5,11.4,0
6.4,0.18,0.32,9.6,0.052,24,90,0.9963,3.35,0.49,9.4,0
7.1,0.18,0.32,12.2,0.048,36,125,0.9967,2.92,0.54,9.4,0
6.3,0.33,0.42,17.2,0.037,57,170,0.99884,3.26,0.57,9.4,0
5.1,0.52,0.06,2.7,0.052,30,79,0.9932,3.32,0.43,9.3,0
6.4,0.17,0.34,1.5,0.093,43,136,0.9938,3.25,0.49,9.6,0
7,0.24,0.36,4.9,0.083,10,133,0.9942,3.33,0.37,10.8,0
5.7,0.4,0.35,5.1,0.026,17,113,0.99052,3.18,0.67,12.4,0
7.2,0.22,0.35,5.5,0.054,37,183,0.99474,3.08,0.5,10.3,0
6.8,0.39,0.31,14.35,0.043,28,162,0.9988,3.17,0.54,9.1,0
6.5,0.26,0.28,12.5,0.046,80,225,0.99685,3.18,0.41,10,0
6.2,0.36,0.27,3.2,0.032,13,73,0.98942,2.9,0.69,12.6,1
6.1,0.26,0.51,2.2,0.05,61,154,0.9929,3.08,0.6,9.8,0
7.1,0.28,0.26,2.8,0.039,50,118,0.9908,3.06,0.59,11.2,0
7.8,0.15,0.24,7.7,0.047,21,98,0.9951,2.94,0.31,9.6,0
6.4,0.23,0.35,4.6,0.039,43,147,0.99216,3.18,0.4,11,1
4.9,0.345,0.34,1,0.068,32,143,0.99138,3.24,0.4,10.1,0
6.9,0.21,0.33,1.8,0.034,48,136,0.9899,3.25,0.41,12.6,1
8.5,0.17,0.31,1,0.024,13,91,0.993,2.79,0.37,10.1,0
6.4,0.22,0.38,9.1,0.044,35,127,0.99326,2.97,0.3,11,1
7.1,0.38,0.42,11.8,0.041,32,193,0.99624,3.04,0.49,10,0
6.5,0.2,0.35,3.9,0.04,27,140,0.99102,2.98,0.53,11.8,0
7,0.23,0.32,1.8,0.048,25,113,0.9915,3.11,0.47,11.1,0
7.3,0.22,0.37,14.3,0.063,48,191,0.9978,2.89,0.38,9,0
6.8,0.21,0.31,2.9,0.046,40,121,0.9913,3.07,0.65,10.9,1
6.6,0.34,0.28,1.3,0.035,32,90,0.9916,3.1,0.42,10.7,0
8.3,0.2,0.35,0.9,0.05,12,74,0.992,3.13,0.38,10.5,0
5.3,0.32,0.12,6.6,0.043,22,141,0.9937,3.36,0.6,10.4,0
7.3,0.23,0.41,14.6,0.048,73,223,0.99863,3.16,0.71,9.4,0
7.3,0.23,0.24,0.9,0.031,29,86,0.98926,2.9,0.38,12.2,0
6.7,0.265,0.22,8.6,0.048,54,198,0.9955,3.25,0.41,10.2,0
7.4,0.64,0.47,14.15,0.168,42,185,0.9984,2.9,0.49,9.3,0
7.6,0.39,0.46,11.7,0.084,55,170,0.99773,2.91,0.51,9,0
6.6,0.23,0.3,4.6,0.06,29,154,0.99142,3.23,0.49,12.2,1
7.7,0.39,0.49,7.7,0.036,11,110,0.9966,3.33,0.76,10,0
8.1,0.24,0.33,10.2,0.048,46,141,0.9972,3.16,0.48,10.3,0
7,0.23,0.26,7.2,0.041,21,90,0.99509,3.22,0.55,9.5,0
7,0.22,0.26,9.2,0.027,37,122,0.99228,3.06,0.34,12.5,1
5,0.44,0.04,18.6,0.039,38,128,0.9985,3.37,0.57,10.2,0
6.5,0.2,0.31,2.1,0.033,32,95,0.989435,2.96,0.61,12,0
7.6,0.2,0.26,4.5,0.086,37,133,0.9963,3.15,0.42,9.2,0
5.9,0.17,0.29,3.1,0.03,32,123,0.98913,3.41,0.33,13.7,1
6.8,0.21,0.74,1.2,0.047,25,111,0.9916,3.13,0.41,10.7,0
6.1,0.22,0.4,1.85,0.031,25,111,0.98966,3.03,0.3,11.8,1
7.2,0.17,0.34,6.4,0.042,16,111,0.99278,2.99,0.4,10.8,0
6.9,0.615,0.42,12,0.067,24,131,0.99727,3.19,0.34,9.3,0
6.4,0.16,0.28,2.2,0.042,33,93,0.9914,3.31,0.43,11.1,0
7,0.14,0.49,5.9,0.053,22,118,0.9954,3.36,0.36,9.4,0
6,0.32,0.3,1.3,0.025,18,112,0.98802,3.07,0.64,13.3,1
7.1,0.23,0.24,5.4,0.039,60,196,0.9948,3.19,0.78,10,0
6.6,0.13,0.3,4.9,0.058,47,131,0.9946,3.51,0.45,10.3,0
6.8,0.27,0.32,1.5,0.044,19,142,0.9921,3.1,0.43,9.9,0
6.1,0.2,0.34,9.5,0.041,38,201,0.995,3.14,0.44,10.1,0
7,0.21,0.42,5.3,0.037,36,123,0.99321,3.14,0.52,10.9,0
6.8,0.19,0.71,17.5,0.042,21,114,0.99784,2.85,0.5,9.5,0
7.9,0.18,0.36,5.9,0.058,31,132,0.995,3.25,0.52,10.9,0
7.1,0.29,0.34,7.8,0.036,49,128,0.99397,3.21,0.4,10.7,0
7.5,0.2,0.41,1.2,0.05,26,131,0.99133,3.19,0.52,11.1,0
6.1,0.41,0.14,10.4,0.037,18,119,0.996,3.38,0.45,10,0
6.7,0.23,0.39,2.5,0.172,63,158,0.9937,3.11,0.36,9.4,0
5.1,0.165,0.22,5.7,0.047,42,146,0.9934,3.18,0.55,9.9,0
6.7,0.25,0.31,1.35,0.061,30.5,218,0.99388,3.16,0.53,9.5,0
5.3,0.23,0.56,0.9,0.041,46,141,0.99119,3.16,0.62,9.7,0
6.6,0.25,0.39,1.45,0.04,40,89,0.9911,3.35,0.4,11.4,1
5.8,0.28,0.3,1.5,0.026,31,114,0.98952,3.32,0.6,12.5,1
7.3,0.26,0.49,5,0.028,32,107,0.9936,3.24,0.54,10.8,0
8.3,0.36,0.57,15,0.052,35,256,1.0001,2.93,0.64,8.6,0
6.7,0.26,0.49,8.1,0.052,48,197,0.99558,3.19,0.48,9.5,0
6.5,0.32,0.45,7.7,0.022,31,97,0.99134,3.2,0.7,12.7,1
6.5,0.28,0.35,15.4,0.042,55,195,0.9978,3.23,0.5,9.6,0
6.7,0.27,0.33,3.6,0.034,9,45,0.99144,3.08,0.4,10.5,0
6.5,0.21,0.51,17.6,0.045,34,125,0.99966,3.2,0.47,8.8,0
6.3,0.6,0.44,11,0.05,50,245,0.9972,3.19,0.57,9.3,0
7.6,0.2,0.39,2.6,0.044,30,180,0.9941,3.46,0.44,10.8,1
6.7,0.11,0.34,8.8,0.043,41,113,0.9962,3.42,0.4,9.3,1
9.8,0.93,0.45,8.6,0.052,34,187,0.9994,3.12,0.59,10.2,0
6.1,0.32,0.33,10.7,0.036,27,98,0.99521,3.34,0.52,10.2,0
7.5,0.42,0.34,4.3,0.04,34,108,0.99155,3.14,0.45,12.8,1
6.6,0.27,0.31,5.3,0.137,35,163,0.9951,3.2,0.38,9.3,0
6.5,0.29,0.3,9.15,0.051,25,166,0.99339,3.24,0.56,11.35,0
6.1,0.3,0.56,2.8,0.044,47,179,0.9924,3.3,0.57,10.9,1
6.1,0.32,0.25,1.7,0.034,37,136,0.992,3.47,0.5,10.8,1
7.5,0.32,0.26,1.8,0.042,13,133,0.9938,3.07,0.38,9.5,0
6.6,0.22,0.23,17.3,0.047,37,118,0.99906,3.08,0.46,8.8,0
5.9,0.34,0.25,2,0.042,12,110,0.99034,3.02,0.54,11.4,0
9.8,0.42,0.48,9.85,0.034,5,110,0.9958,2.87,0.29,10,0
6,0.35,0.51,1.2,0.029,10,102,0.9903,3.46,0.42,11.9,0
6.8,0.73,0.2,6.6,0.054,25,65,0.99324,3.12,0.28,11.1,0
7.1,0.29,0.49,1.2,0.031,32,99,0.9893,3.07,0.33,12.2,0
4.8,0.13,0.32,1.2,0.042,40,98,0.9898,3.42,0.64,11.8,1
6.9,0.75,0.13,6.3,0.036,19,50,0.99312,3.09,0.25,11.1,0
8.9,0.3,0.35,4.6,0.032,32,148,0.99458,3.15,0.45,11.5,1
8.2,0.23,0.4,7.5,0.049,12,76,0.9966,3.06,0.84,9.7,0
6.2,0.39,0.24,4.8,0.037,45,138,0.99174,3.23,0.43,11.2,1
6.2,0.3,0.31,1.6,0.035,40,106,0.98914,3.26,0.39,12.9,1
5,0.455,0.18,1.9,0.036,33,106,0.98746,3.21,0.83,14,1
6.4,0.24,0.23,7.3,0.069,31,157,0.9962,3.25,0.53,9.1,0
6.8,0.24,0.29,9.5,0.042,56,157,0.99586,3.11,0.51,10.1,0
7.7,0.39,0.34,10,0.056,35,178,0.9974,3.26,0.6,10.2,0
6.5,0.17,0.54,8.5,0.082,64,163,0.9959,2.89,0.39,8.8,0
6,0.14,0.17,5.6,0.036,37,127,0.99373,3.05,0.57,9.8,0
6.2,0.21,0.28,5.7,0.028,45,121,0.99168,3.21,1.08,12.15,1
6.7,0.24,0.41,2.9,0.039,48,122,0.99052,3.25,0.43,12,0
6.1,0.21,0.3,6.3,0.039,47,136,0.99068,3.27,0.31,12.7,0
8.7,0.49,0.57,17.8,0.052,34,243,1.0007,2.98,0.82,9,0
8.1,0.27,0.33,1.3,0.045,26,100,0.99066,2.98,0.44,12.4,0
6.6,0.22,0.28,12.05,0.058,25,125,0.99856,3.45,0.45,9.4,0
6.8,0.26,0.44,8.2,0.046,52,183,0.99584,3.2,0.51,9.4,0
6.9,0.24,0.34,4.7,0.04,43,161,0.9935,3.2,0.59,10.6,0
7.1,0.3,0.36,6.8,0.055,44.5,234,0.9972,3.49,0.64,10.2,0
6.4,0.16,0.31,5.3,0.043,42,157,0.99455,3.35,0.47,10.5,0
7.1,0.37,0.67,10.5,0.045,49,155,0.9975,3.16,0.44,8.7,0
5.1,0.33,0.22,1.6,0.027,18,89,0.9893,3.51,0.38,12.5,1
6.3,0.27,0.38,0.9,0.051,7,140,0.9926,3.45,0.5,10.5,1
5.8,0.24,0.44,3.5,0.029,5,109,0.9913,3.53,0.43,11.7,0
7.4,0.2,0.36,1.2,0.038,44,111,0.9926,3.36,0.34,9.9,0
6.9,0.26,0.38,10.5,0.044,33,139,0.99517,3.06,0.5,10.3,0
6.4,0.225,0.48,2.2,0.115,29,104,0.9918,3.24,0.58,12.1,0
6.8,0.22,0.35,17.5,0.039,38,153,0.9994,3.24,0.42,9,0
6.5,0.26,0.43,8.9,0.083,50,171,0.9965,2.85,0.5,9,0
7.8,0.26,0.74,7.5,0.044,59,160,0.996,3.22,0.64,10,0
7,0.46,0.2,16.7,0.046,50,184,0.99898,3.08,0.56,9.4,0
6.6,0.38,0.36,9.2,0.061,42,214,0.9976,3.31,0.56,9.4,0
7.3,0.27,0.37,9.7,0.042,36,130,0.9979,3.48,0.75,9.9,0
7.6,0.16,0.41,1.9,0.047,27,151,0.9937,3.2,0.53,10.1,0
7.3,0.28,0.37,1.2,0.039,26,99,0.99198,3.01,0.62,10.8,0
7,0.23,0.42,18.05,0.05,35,144,0.9999,3.22,0.42,8.8,0
7,0.15,0.28,14.7,0.051,29,149,0.99792,2.96,0.39,9,1
7.1,0.2,0.36,11.6,0.042,45,124,0.997,2.92,0.59,9.5,1
8.4,0.2,0.38,11.8,0.055,51,170,1.0004,3.34,0.82,8.9,0
7.5,0.21,0.32,4.8,0.056,39,113,0.99393,3.11,0.52,10.2,1
6.6,0.12,0.25,1.4,0.039,21,131,0.99114,3.2,0.45,11.2,1
6.4,0.15,0.4,1.5,0.042,23,87,0.98972,3.11,0.46,12.2,1
6,0.2,0.26,1.1,0.033,38,67,0.98954,3.14,0.38,11.5,0
9.2,0.19,0.42,2,0.047,16,104,0.99517,3.09,0.66,10,0
7.3,0.26,0.24,1.7,0.05,10,112,0.99286,3.11,0.43,9.9,0
6.9,0.26,0.27,4.2,0.031,20,80,0.99089,3.12,0.39,11.5,0
3.9,0.225,0.4,4.2,0.03,29,118,0.989,3.57,0.36,12.8,1
6,0.28,0.22,12.15,0.048,42,163,0.9957,3.2,0.46,10.1,0
7.2,0.3,0.26,1.5,0.041,46,178,0.99154,3.19,0.56,11.3,0
6.1,0.28,0.25,12.9,0.054,34,189,0.9979,3.25,0.43,9,0
6.6,0.27,0.33,1.4,0.042,24,183,0.99215,3.29,0.46,10.7,0
7.3,0.26,0.3,9.3,0.05,35,154,0.99581,3.21,0.5,10.4,0
8.9,0.27,0.34,10.7,0.029,19.5,166,0.99669,3.13,0.48,10.6,0
6.1,0.22,0.38,2.8,0.144,12,65,0.9908,2.95,0.64,11.4,0
6.2,0.25,0.25,1.4,0.03,35,105,0.9912,3.3,0.44,11.1,1
7.9,0.35,0.36,1.6,0.038,11,124,0.9928,3.25,0.48,11,0
7.9,0.37,0.31,2.85,0.037,5,24,0.9911,3.19,0.36,11.9,0
7.6,0.31,0.29,10.5,0.04,21,145,0.9966,3.04,0.35,9.4,0
6.6,0.3,0.24,1.2,0.034,17,121,0.9933,3.13,0.36,9.2,0
6.3,0.23,0.3,1.8,0.033,16,91,0.9906,3.28,0.4,11.8,0
6,0.24,0.41,1.3,0.036,42,118,0.99018,3.04,0.64,11.73333333,0
6.3,0.25,0.22,3.3,0.048,41,161,0.99256,3.16,0.5,10.5,0
7.4,0.24,0.22,10.7,0.042,26,81,0.9954,2.86,0.36,9.7,0
6.6,0.26,0.22,18.15,0.05,23,139,0.99904,3.06,0.5,9.2,0
6,0.615,0.04,0.8,0.032,8,50,0.99036,3.14,0.4,11,0
6.1,0.22,0.4,1.85,0.031,25,111,0.98966,3.03,0.3,11.8,1
6.4,0.17,0.3,2.8,0.034,33,125,0.99152,3.03,0.49,10.4,0
6.9,0.24,0.33,1.7,0.035,47,136,0.99,3.26,0.4,12.6,1
7.5,0.29,0.67,8.1,0.037,53,166,0.9966,2.9,0.41,8.9,0
6.8,0.3,0.33,12.8,0.041,60,168,0.99659,3.1,0.56,9.8,0
7.6,0.19,0.37,13.1,0.033,52,151,0.99726,3.18,0.79,10.4,0
7.1,0.23,0.28,1.9,0.046,33,103,0.98997,3.12,0.31,12,0
7.3,0.21,0.21,1.6,0.046,35,133,0.99466,3.38,0.46,10,0
6.8,0.26,0.56,11.9,0.043,64,226,0.997,3.02,0.63,9.3,0
7.4,0.16,0.49,1.2,0.055,18,150,0.9917,3.23,0.47,11.2,0
6.8,0.26,0.22,7.7,0.047,57,210,0.9959,3.1,0.47,9,0
7.3,0.14,0.49,1.1,0.038,28,99,0.9928,3.2,0.72,10.6,0
6.5,0.27,0.19,4.2,0.046,6,114,0.9955,3.25,0.35,8.6,0
6.9,0.3,0.21,15.7,0.056,49,159,0.99827,3.11,0.48,9,0
6.6,0.55,0.01,2.7,0.034,56,122,0.9906,3.15,0.3,11.9,0
5.5,0.12,0.33,1,0.038,23,131,0.99164,3.25,0.45,9.8,0
6.6,0.38,0.18,1.2,0.042,20,84,0.9927,3.22,0.45,10.1,0
8,0.26,0.28,8.2,0.038,72,202,0.99566,3.12,0.56,10,0
6.9,0.4,0.17,12.9,0.033,59,186,0.99754,3.08,0.49,9.4,0
7,0.27,0.74,1.5,0.036,27,122,0.9926,3.35,0.48,11.2,0
8.5,0.15,0.49,1.5,0.031,17,122,0.9932,3.03,0.4,10.3,0
7.9,0.17,0.32,1.6,0.053,47,150,0.9948,3.29,0.76,9.6,0
5.8,0.4,0.42,4.4,0.047,38.5,245,0.9937,3.25,0.57,9.6,0
5.8,0.26,0.18,1.2,0.031,40,114,0.9908,3.42,0.4,11,1
6.1,0.27,0.43,7.5,0.049,65,243,0.9957,3.12,0.47,9,0
5.3,0.6,0.34,1.4,0.031,3,60,0.98854,3.27,0.38,13,0
7.2,0.55,0.09,1.5,0.108,16,151,0.9938,3.07,0.57,9.2,0
7.7,0.28,0.35,15.3,0.056,31,117,0.9998,3.27,0.5,9.6,0
6.1,0.16,0.27,12.6,0.064,63,162,0.9994,3.66,0.43,8.9,0
6.2,0.19,0.38,5.1,0.019,22,82,0.98961,3.05,0.36,12.5,0
6.6,0.36,0.52,10.1,0.05,29,140,0.99628,3.07,0.4,9.4,0
7.2,0.21,0.31,10.5,0.035,36,122,0.99478,3.12,0.4,10.6,0
6.6,0.17,0.36,1.9,0.036,38,110,0.99056,3.05,0.54,11.4,0
7.7,0.27,0.49,1.8,0.041,23,86,0.9914,3.16,0.42,12.5,0
6.4,0.32,0.26,7.9,0.05,53,180,0.99514,3.14,0.5,9.6,0
6.4,0.18,0.48,4,0.186,64,150,0.9945,3.06,0.4,9.3,0
7.9,0.42,0.49,8.2,0.056,32,164,0.9965,3.29,0.6,11.2,1
6.8,0.23,0.29,12.2,0.035,38,236,0.9976,3.35,0.52,9.8,0
8.3,0.28,0.27,17.5,0.045,48,253,1.00014,3.02,0.56,9.1,0
8.2,0.22,0.49,9.6,0.037,53,154,0.9951,3.02,0.33,10.6,0
7.2,0.23,0.25,18.8,0.085,19,111,1.00044,3.1,0.51,8.7,0
7.8,0.18,0.46,12.6,0.042,41,143,1,3.24,0.76,8.5,1
8.1,0.27,0.35,1.7,0.03,38,103,0.99255,3.22,0.63,10.4,1
7.6,0.17,0.27,4.6,0.05,23,98,0.99422,3.08,0.47,9.5,0
7.2,0.34,0.23,8.9,0.105,22,155,0.99692,3.01,0.58,9.5,0
7.9,0.14,0.45,1.8,0.05,17,114,0.9948,3.33,0.49,10.7,1
7.7,0.3,0.23,2,0.068,28,138,0.99382,3.11,0.62,9.8,0
7.4,0.16,0.3,1.4,0.064,34,166,0.99136,3.11,0.42,11.43333333,0
6.4,0.22,0.32,7.2,0.028,15,83,0.993,3.13,0.55,10.9,1
6.6,0.325,0.49,7.7,0.049,53,217,0.996,3.16,0.4,9.3,0
7.2,0.23,0.39,14.2,0.058,49,192,0.9979,2.98,0.48,9,1
6.5,0.22,0.45,8,0.053,52,196,0.9959,3.23,0.48,9.1,0
7,0.34,0.1,3.5,0.044,17,63,0.9937,3.01,0.39,9.2,0
7.9,0.36,0.53,12.9,0.049,63,139,0.99792,2.94,0.45,9.1,0
6.4,0.17,0.32,2.4,0.048,41,200,0.9938,3.5,0.5,9.7,0
5.9,0.37,0.1,1.6,0.057,39,128,0.9924,3.24,0.48,10.1,0
5.9,0.21,0.24,12.1,0.044,53,165,0.9969,3.25,0.39,9.5,0
7.3,0.2,0.44,1.4,0.045,21,98,0.9924,3.15,0.46,10,1
6.2,0.21,0.38,6.8,0.036,64,245,0.9951,3.06,0.36,9.3,0
5.9,0.29,0.25,12,0.057,48,224,0.9981,3.23,0.41,9,0
8.4,0.2,0.38,11.8,0.055,51,170,1.0004,3.34,0.82,8.9,0
7,0.19,0.33,6.3,0.032,42,127,0.99182,3.31,0.38,12.2,0
6.5,0.18,0.41,14.2,0.039,47,129,0.99678,3.28,0.72,10.3,1
5.8,0.15,0.49,1.1,0.048,21,98,0.9929,3.19,0.48,9.2,0
6,0.26,0.26,2.2,0.035,10,72,0.989465,3.11,0.48,12.15,0
5.3,0.33,0.3,1.2,0.048,25,119,0.99045,3.32,0.62,11.3,0
7,0.3,0.51,13.6,0.05,40,168,0.9976,3.07,0.52,9.6,1
7.3,0.43,0.37,4.6,0.028,17,114,0.991,3.23,0.43,13.2,0
6.4,0.33,0.31,5.5,0.048,42,173,0.9951,3.19,0.66,9.3,0
6.8,0.14,0.18,1.4,0.047,30,90,0.99164,3.27,0.54,11.2,0
6.7,0.21,0.36,8.55,0.02,20,86,0.99146,3.19,0.22,13.4,1
6.8,0.33,0.31,7.4,0.045,34,143,0.99226,3.06,0.55,12.2,0
6.5,0.48,0.02,0.9,0.043,32,99,0.99226,3.14,0.47,9.8,0
8.1,0.27,0.41,1.45,0.033,11,63,0.9908,2.99,0.56,12,0
6,0.36,0.32,1.1,0.053,26,173,0.99414,3.38,0.54,8.8,0
7.9,0.16,0.74,17.85,0.037,52,187,0.9998,2.99,0.41,9.3,0
5.4,0.22,0.35,6.5,0.029,26,87,0.99092,3.29,0.44,12.5,1
8.5,0.19,0.56,17.3,0.055,47,169,1.00047,3.07,0.67,9.3,0
9.2,0.27,0.34,10.5,0.043,49,228,0.9974,3.04,0.41,10.4,0
6.7,0.29,0.45,14.3,0.054,30,181,0.99869,3.14,0.57,9.1,0
7.3,0.26,0.33,11.8,0.057,48,127,0.99693,3.1,0.55,10,0
7.4,0.19,0.49,9.3,0.03,26,132,0.994,2.99,0.32,11,1
6.6,0.33,0.4,2.65,0.041,35,86,0.98916,3.11,0.39,13.3,1
6.4,0.23,0.32,1.9,0.038,40,118,0.99074,3.32,0.53,11.8,1
6,0.31,0.32,7.4,0.175,47,159,0.9952,3.19,0.5,9.4,0
5.8,0.31,0.32,4.5,0.024,28,94,0.98906,3.25,0.52,13.7,1
7.3,0.26,0.36,5.2,0.04,31,141,0.9931,3.16,0.59,11,0
6.4,0.22,0.34,1.4,0.023,56,115,0.98958,3.18,0.7,11.7,0
